img,label,prediction,final_prob,p_human,p_landscape,p_building,p_edges,p_frequency,p_grayscale,w_human,w_landscape,w_building,w_edges,w_frequency,w_grayscale
data/test/meta_classifier_train_data/known_test\1_fake\building_synthetic_stable_diffusion_15_modern-luxury-villa-with-swimming-pool-daylight_666430219.jpg,1,1,1.0000,1.0000,1.0000,1.0000,1.0000,1.0000,1.0000,,,,,,
data/test/meta_classifier_train_data/known_test\1_fake\landscape_manipulated_stable_diffusion_2_inpainting_add-small-barn_957038279.jpg,1,1,0.7969,0.8746,1.0000,0.9618,0.7717,0.9803,0.1930,,,,,,
data/test/meta_classifier_train_data/known_test\1_fake\human_2_manipulated_stable_diffusion_15_imag2img_portrait-outdoors-with-blurred-city-lights_617361057.jpg,1,1,0.9988,0.9926,1.0000,1.0000,0.9999,1.0000,1.0000,,,,,,
data/test/meta_classifier_train_data/known_test\0_real\celeba_79.jpg,0,0,0.1491,0.0001,0.0014,0.0001,0.8836,0.0089,0.0007,,,,,,
data/test/meta_classifier_train_data/known_test\1_fake\building_synthetic_dreamlike_photoreal_20_suburban-residential-street-with-family-houses_850826209.jpg,1,1,0.9963,0.9999,1.0000,0.9792,0.9985,1.0000,1.0000,,,,,,
data/test/meta_classifier_train_data/known_test\1_fake\building_synthetic_juggernaut_xl_v9_classic-New-York-brownstone-street-autumn-leaves_551208306.jpg,1,1,0.9055,0.9994,0.9022,0.9607,1.0000,1.0000,0.5709,,,,,,
data/test/meta_classifier_train_data/known_test\0_real\lhq_783.png,0,0,0.0000,0.0000,0.0000,0.0000,0.0000,0.0000,0.0000,,,,,,
data/test/meta_classifier_train_data/known_test\1_fake\human_synthetic_dreamlike_photoreal_20_photo-of-a-toddler-with-blond-hair-sitting-on-the-grass_365830216.jpg,1,1,0.9999,1.0000,0.9998,1.0000,1.0000,1.0000,0.9999,,,,,,
data/test/meta_classifier_train_data/known_test\1_fake\landscape_synthetic_dreamlike_photoreal_20_autumn-forest-with-colorful-leaves-path-covered-in-foliage_661051533.jpg,1,1,0.9996,0.9998,0.9999,1.0000,1.0000,1.0000,0.9978,,,,,,
data/test/meta_classifier_train_data/known_test\0_real\architecture_1351.jpg,0,0,0.0654,0.0877,0.1601,0.0008,0.0278,0.0000,0.1158,,,,,,
data/test/meta_classifier_train_data/known_test\0_real\architecture_1734.jpg,0,0,0.0364,0.0041,0.1910,0.0000,0.0000,0.0019,0.0214,,,,,,
data/test/meta_classifier_train_data/known_test\0_real\celeba_583.jpg,0,0,0.1200,0.0003,0.0014,0.0460,0.6711,0.0010,0.0003,,,,,,
data/test/meta_classifier_train_data/known_test\0_real\lhq_988.png,0,0,0.0015,0.0055,0.0001,0.0000,0.0034,0.0000,0.0001,,,,,,
data/test/meta_classifier_train_data/known_test\1_fake\human_manipulated_stable_diffusion_inpainting_add-lip-piercing_34327535.jpg,1,1,0.9996,0.9996,1.0000,0.9990,1.0000,0.9993,0.9999,,,,,,
data/test/meta_classifier_train_data/known_test\0_real\faceforensics_421.jpg,0,0,0.2903,0.0143,0.0310,0.7028,0.0004,0.9916,0.0020,,,,,,
data/test/meta_classifier_train_data/known_test\0_real\lhq_1970.png,0,0,0.0008,0.0000,0.0000,0.0024,0.0023,0.0000,0.0000,,,,,,
data/test/meta_classifier_train_data/known_test\0_real\celeba_697.jpg,0,0,0.0025,0.0001,0.0003,0.0001,0.0142,0.0001,0.0000,,,,,,
data/test/meta_classifier_train_data/known_test\1_fake\landscape_manipulated_stable_diffusion_15_imag2img_river-in-foggy-morning_549309977.jpg,1,1,0.6660,0.9991,0.2249,0.5015,0.9578,0.3458,0.9666,,,,,,
data/test/meta_classifier_train_data/known_test\0_real\lhq_972.png,0,0,0.0005,0.0000,0.0000,0.0026,0.0003,0.0000,0.0000,,,,,,
data/test/meta_classifier_train_data/known_test\1_fake\landscape_synthetic_stable_diffusion_15_vast-tundra-under-cloudy-sky-lonely-feeling_275139576.jpg,1,1,0.9847,0.9995,1.0000,0.9733,0.9473,0.9922,0.9961,,,,,,
data/test/meta_classifier_train_data/known_test\0_real\faceforensics_921.jpg,0,0,0.1799,0.0031,0.2325,0.0037,0.0598,0.0043,0.7763,,,,,,
data/test/meta_classifier_train_data/known_test\0_real\faceforensics_105.jpg,0,0,0.3302,0.0103,0.5839,0.1466,0.6135,0.6260,0.0010,,,,,,
data/test/meta_classifier_train_data/known_test\1_fake\building_manipulated_stable_diffusion_2_inpainting_add-small-shop-sign_732492872.jpg,1,1,0.7890,0.9803,0.9988,0.1183,0.9992,0.9919,0.6457,,,,,,
data/test/meta_classifier_train_data/known_test\1_fake\building_synthetic_dreamlike_photoreal_20_classic-New-York-brownstone-street-autumn-leaves_630219580.jpg,1,1,0.9748,1.0000,1.0000,1.0000,0.9516,0.9999,0.8975,,,,,,
data/test/meta_classifier_train_data/known_test\0_real\faceforensics_289.jpg,0,0,0.1292,0.6533,0.0023,0.0001,0.0012,0.1132,0.0051,,,,,,
data/test/meta_classifier_train_data/known_test\0_real\lhq_647.png,0,0,0.0000,0.0000,0.0000,0.0000,0.0000,0.0000,0.0000,,,,,,
data/test/meta_classifier_train_data/known_test\1_fake\human_synthetic_juggernaut_xl_v9_studio-portrait-of-a-middle-aged-Caucasian-woman-with-freckl_636873049.jpg,1,1,1.0000,1.0000,1.0000,1.0000,0.9999,1.0000,1.0000,,,,,,
data/test/meta_classifier_train_data/known_test\0_real\architecture_48.jpg,0,1,0.5071,0.1775,0.3854,0.0162,0.9951,0.9944,0.4739,,,,,,
data/test/meta_classifier_train_data/known_test\0_real\faceforensics_850.jpg,0,0,0.0272,0.0046,0.0008,0.0032,0.0078,0.0003,0.1462,,,,,,
data/test/meta_classifier_train_data/known_test\0_real\lhq_710.png,0,0,0.0398,0.0000,0.0000,0.0005,0.0000,0.0002,0.2378,,,,,,
data/test/meta_classifier_train_data/known_test\0_real\lhq_1560.png,0,0,0.3521,0.0029,0.6510,0.7810,0.0156,0.6623,0.0000,,,,,,
data/test/meta_classifier_train_data/known_test\0_real\lhq_2038.png,0,0,0.0131,0.0000,0.0602,0.0009,0.0092,0.0071,0.0013,,,,,,
data/test/meta_classifier_train_data/known_test\1_fake\human_synthetic_stable_diffusion_15_portrait-of-a-young-woman-with-glasses-in-a-library_470406377.jpg,1,1,0.9999,0.9999,1.0000,0.9999,0.9999,1.0000,0.9999,,,,,,
data/test/meta_classifier_train_data/known_test\1_fake\building_manipulated_stable_diffusion_15_imag2img_skyscraper-under-blue-sky_283614548.jpg,1,1,0.9780,0.9831,1.0000,0.9067,0.9808,0.9996,0.9980,,,,,,
data/test/meta_classifier_train_data/known_test\0_real\lhq_938.png,0,0,0.0000,0.0000,0.0000,0.0000,0.0000,0.0000,0.0000,,,,,,
data/test/meta_classifier_train_data/known_test\0_real\faceforensics_486.jpg,0,0,0.0176,0.0022,0.0130,0.0123,0.0002,0.0770,0.0008,,,,,,
data/test/meta_classifier_train_data/known_test\1_fake\human_manipulated_stable_diffusion_inpainting_add-eyeglasses_196357165.jpg,1,1,0.9825,0.9990,1.0000,0.9642,0.9996,0.9326,0.9995,,,,,,
data/test/meta_classifier_train_data/known_test\0_real\lhq_994.png,0,0,0.0046,0.0000,0.0007,0.0228,0.0039,0.0002,0.0000,,,,,,
data/test/meta_classifier_train_data/known_test\1_fake\landscape_manipulated_stable_diffusion_15_imag2img_desert-under-bright-sun_505234799.jpg,1,1,0.9999,1.0000,1.0000,0.9997,1.0000,1.0000,1.0000,,,,,,
data/test/meta_classifier_train_data/known_test\1_fake\landscape_manipulated_stable_diffusion_15_imag2img_foggy-forest_343152573.jpg,1,1,0.9997,0.9998,1.0000,0.9981,1.0000,1.0000,1.0000,,,,,,
data/test/meta_classifier_train_data/known_test\0_real\celeba_221.jpg,0,0,0.0098,0.0002,0.0095,0.0000,0.0489,0.0000,0.0000,,,,,,
data/test/meta_classifier_train_data/known_test\1_fake\building_manipulated_stable_diffusion_15_imag2img_building-in-urban-street-view_608375598.jpg,1,1,0.9987,0.9970,1.0000,0.9953,1.0000,1.0000,0.9999,,,,,,
data/test/meta_classifier_train_data/known_test\0_real\lhq_200.png,0,0,0.0010,0.0000,0.0048,0.0004,0.0003,0.0006,0.0000,,,,,,
data/test/meta_classifier_train_data/known_test\0_real\faceforensics_547.jpg,0,0,0.0203,0.0526,0.0523,0.0004,0.0022,0.0138,0.0005,,,,,,
data/test/meta_classifier_train_data/known_test\1_fake\landscape_synthetic_juggernaut_xl_v9_frozen-lake-with-snow-covered-pine-trees_619303397.jpg,1,1,0.9698,0.9957,0.9298,0.9126,0.9826,0.9989,0.9989,,,,,,
data/test/meta_classifier_train_data/known_test\0_real\celeba_872.jpg,0,0,0.0002,0.0000,0.0006,0.0001,0.0001,0.0000,0.0000,,,,,,
data/test/meta_classifier_train_data/known_test\0_real\lhq_1413.png,0,0,0.0000,0.0000,0.0000,0.0000,0.0000,0.0000,0.0000,,,,,,
data/test/meta_classifier_train_data/known_test\1_fake\building_synthetic_dreamlike_photoreal_20_colorful-houses-along-a-canal-daytime_261704065.jpg,1,1,0.9999,1.0000,1.0000,1.0000,1.0000,1.0000,0.9997,,,,,,
data/test/meta_classifier_train_data/known_test\1_fake\human_synthetic_juggernaut_xl_v9_portrait-of-a-young-Black-woman-with-braids-golden-hour-ligh_157243285.jpg,1,1,0.9998,1.0000,1.0000,1.0000,0.9987,1.0000,1.0000,,,,,,
data/test/meta_classifier_train_data/known_test\0_real\celeba_1011.jpg,0,0,0.0298,0.0000,0.0064,0.0001,0.1721,0.0001,0.0000,,,,,,
data/test/meta_classifier_train_data/known_test\0_real\celeba_655.jpg,0,0,0.0003,0.0002,0.0000,0.0001,0.0005,0.0001,0.0007,,,,,,
data/test/meta_classifier_train_data/known_test\1_fake\human_2_manipulated_stable_diffusion_inpainting_add-headscarf_971425308.jpg,1,1,0.7248,0.9685,0.3831,0.0817,0.9863,0.9890,0.9403,,,,,,
data/test/meta_classifier_train_data/known_test\0_real\celeba_473.jpg,0,0,0.0240,0.0001,0.0050,0.0001,0.1371,0.0000,0.0017,,,,,,
data/test/meta_classifier_train_data/known_test\1_fake\human_manipulated_stable_diffusion_inpainting_add-nose-piercing_944284574.jpg,1,1,0.9629,0.9999,1.0000,0.8127,0.9663,0.9985,1.0000,,,,,,
data/test/meta_classifier_train_data/known_test\1_fake\landscape_synthetic_stable_diffusion_15_savannah-landscape-with-acacia-trees-golden-hour_510173761.jpg,1,1,1.0000,1.0000,1.0000,1.0000,1.0000,1.0000,1.0000,,,,,,
data/test/meta_classifier_train_data/known_test\0_real\lhq_1722.png,0,0,0.0016,0.0000,0.0002,0.0011,0.0019,0.0001,0.0061,,,,,,
data/test/meta_classifier_train_data/known_test\1_fake\building_manipulated_stable_diffusion_2_inpainting_add-fire-hydrant_846594625.jpg,1,0,0.4108,0.7491,0.1034,0.0821,0.2169,0.6163,0.6970,,,,,,
data/test/meta_classifier_train_data/known_test\0_real\faceforensics_654.jpg,0,0,0.0141,0.0016,0.0675,0.0007,0.0127,0.0001,0.0019,,,,,,
data/test/meta_classifier_train_data/known_test\1_fake\landscape_manipulated_stable_diffusion_15_imag2img_autumn-scene-with-colorful-trees_719679948.jpg,1,1,0.9844,0.9983,0.9660,0.9988,0.9631,1.0000,0.9799,,,,,,
data/test/meta_classifier_train_data/known_test\1_fake\building_manipulated_stable_diffusion_15_imag2img_modern-glass-facade-daylight_443516367.jpg,1,1,0.9167,0.9721,0.9563,0.7293,0.9897,0.9942,0.8584,,,,,,
data/test/meta_classifier_train_data/known_test\0_real\lhq_398.png,0,0,0.0189,0.0001,0.0906,0.0093,0.0002,0.0132,0.0002,,,,,,
data/test/meta_classifier_train_data/known_test\1_fake\building_synthetic_juggernaut_xl_v9_modern-glass-skyscraper-in-city-center-photographed-at-dusk_906698074.jpg,1,1,0.9895,1.0000,0.9725,0.9886,0.9981,0.9977,0.9800,,,,,,
data/test/meta_classifier_train_data/known_test\1_fake\landscape_manipulated_stable_diffusion_15_imag2img_waterfall-in-cloudy-weather_283602088.jpg,1,1,0.9989,0.9998,1.0000,0.9935,1.0000,1.0000,1.0000,,,,,,
data/test/meta_classifier_train_data/known_test\0_real\lhq_1935.png,0,0,0.0001,0.0001,0.0000,0.0005,0.0000,0.0000,0.0000,,,,,,
data/test/meta_classifier_train_data/known_test\0_real\architecture_538.JPG,0,0,0.0001,0.0000,0.0007,0.0000,0.0000,0.0000,0.0001,,,,,,
data/test/meta_classifier_train_data/known_test\1_fake\landscape_manipulated_stable_diffusion_15_imag2img_hills-under-stormy-clouds_886812784.jpg,1,1,0.9944,0.9998,1.0000,0.9991,1.0000,0.9999,0.9677,,,,,,
data/test/meta_classifier_train_data/known_test\1_fake\human_2_manipulated_stable_diffusion_inpainting_add-lip-piercing_335192628.jpg,1,1,0.9878,0.9898,0.9932,0.9451,0.9996,0.9998,0.9996,,,,,,
data/test/meta_classifier_train_data/known_test\0_real\faceforensics_265.jpg,0,0,0.0060,0.0246,0.0000,0.0108,0.0000,0.0004,0.0003,,,,,,
data/test/meta_classifier_train_data/known_test\1_fake\human_manipulated_stable_diffusion_2_inpainting_add-blush-on-cheeks_760189924.jpg,1,1,0.9795,0.9994,1.0000,0.8792,1.0000,0.9990,0.9995,,,,,,
data/test/meta_classifier_train_data/known_test\0_real\celeba_720.jpg,0,0,0.0022,0.0001,0.0030,0.0000,0.0100,0.0000,0.0000,,,,,,
data/test/meta_classifier_train_data/known_test\0_real\lhq_1771.png,0,0,0.0000,0.0000,0.0000,0.0000,0.0002,0.0000,0.0000,,,,,,
data/test/meta_classifier_train_data/known_test\0_real\faceforensics_73.jpg,0,0,0.0031,0.0020,0.0005,0.0049,0.0034,0.0063,0.0015,,,,,,
data/test/meta_classifier_train_data/known_test\1_fake\human_synthetic_juggernaut_xl_v9_portrait-of-a-teenage-boy-with-acne-school-hallway-backgroun_503500182.jpg,1,1,0.9976,1.0000,0.9997,1.0000,1.0000,0.9858,0.9999,,,,,,
data/test/meta_classifier_train_data/known_test\0_real\architecture_2033.jpg,0,0,0.0774,0.0000,0.0364,0.0895,0.0035,0.0054,0.3297,,,,,,
data/test/meta_classifier_train_data/known_test\0_real\architecture_1606.jpg,0,0,0.0915,0.0084,0.1388,0.0026,0.0974,0.0768,0.2248,,,,,,
data/test/meta_classifier_train_data/known_test\1_fake\building_synthetic_juggernaut_xl_v9_traditional-Japanese-wooden-house-garden-with-lanterns_772649235.jpg,1,1,0.9999,1.0000,1.0000,0.9998,0.9998,1.0000,0.9999,,,,,,
data/test/meta_classifier_train_data/known_test\1_fake\building_synthetic_dreamlike_photoreal_20_Greek-island-whitewashed-buildings-with-blue-roofs_107064621.jpg,1,1,0.9999,1.0000,1.0000,0.9997,1.0000,0.9999,1.0000,,,,,,
data/test/meta_classifier_train_data/known_test\1_fake\landscape_manipulated_stable_diffusion_2_inpainting_add-single-bird-in-sky_235799635.jpg,1,1,0.9981,0.9998,1.0000,0.9901,0.9998,1.0000,0.9989,,,,,,
data/test/meta_classifier_train_data/known_test\1_fake\building_manipulated_stable_diffusion_inpainting_add-parked-bicycle_671424175.jpg,1,1,0.9693,0.9973,1.0000,0.9266,1.0000,1.0000,0.8919,,,,,,
data/test/meta_classifier_train_data/known_test\0_real\faceforensics_508.jpg,0,0,0.0128,0.0195,0.0109,0.0186,0.0250,0.0029,0.0000,,,,,,
data/test/meta_classifier_train_data/known_test\1_fake\landscape_manipulated_stable_diffusion_15_imag2img_spring-scene-with-green-leaves_764369270.jpg,1,1,0.9944,0.9998,0.9781,0.9992,0.9997,0.9955,0.9939,,,,,,
data/test/meta_classifier_train_data/known_test\1_fake\building_synthetic_dreamlike_photoreal_20_colorful-colonial-houses-in-Latin-America_442437193.jpg,1,1,0.9987,0.9996,0.9999,0.9949,1.0000,1.0000,0.9974,,,,,,
data/test/meta_classifier_train_data/known_test\1_fake\building_synthetic_stable_diffusion_15_ancient-Roman-amphitheater-ruins_413600441.jpg,1,1,0.9978,0.9999,1.0000,0.9875,1.0000,1.0000,0.9997,,,,,,
data/test/meta_classifier_train_data/known_test\0_real\architecture_509.jpg,0,0,0.1328,0.0000,0.0005,0.0000,0.0013,0.7808,0.0143,,,,,,
data/test/meta_classifier_train_data/known_test\0_real\lhq_556.png,0,0,0.0144,0.0000,0.0000,0.0001,0.0375,0.0000,0.0488,,,,,,
data/test/meta_classifier_train_data/known_test\0_real\lhq_1586.png,0,0,0.0006,0.0000,0.0000,0.0000,0.0001,0.0000,0.0033,,,,,,
data/test/meta_classifier_train_data/known_test\1_fake\landscape_manipulated_stable_diffusion_15_imag2img_desert-under-bright-sun_238642890.jpg,1,1,0.9978,0.9997,0.9892,0.9997,0.9997,0.9996,0.9988,,,,,,
data/test/meta_classifier_train_data/known_test\1_fake\building_manipulated_stable_diffusion_2_inpainting_add-small-bench-near-wall_276320456.jpg,1,1,0.9932,0.9990,0.9995,0.9768,0.9999,0.9972,0.9870,,,,,,
data/test/meta_classifier_train_data/known_test\0_real\architecture_1228.jpg,0,0,0.2151,0.0000,0.1829,0.0011,0.0592,0.8550,0.1927,,,,,,
data/test/meta_classifier_train_data/known_test\1_fake\landscape_synthetic_juggernaut_xl_v9_tropical-beach-with-palm-trees-turquoise-water_908314406.jpg,1,1,0.8874,0.9999,0.9984,0.9991,0.9998,0.3274,0.9997,,,,,,
data/test/meta_classifier_train_data/known_test\0_real\architecture_241.jpg,0,0,0.0383,0.0032,0.0013,0.0000,0.0005,0.1020,0.1224,,,,,,
data/test/meta_classifier_train_data/known_test\1_fake\human_synthetic_stable_diffusion_15_portrait-of-a-middle-aged-Hispanic-man-short-hair-warm-tone-_882403819.jpg,1,1,0.9999,1.0000,1.0000,0.9996,1.0000,0.9999,1.0000,,,,,,
data/test/meta_classifier_train_data/known_test\0_real\architecture_1784.JPG,0,0,0.0001,0.0000,0.0003,0.0000,0.0000,0.0003,0.0000,,,,,,
data/test/meta_classifier_train_data/known_test\1_fake\human_synthetic_dreamlike_photoreal_20_close-up-of-a-young-child-with-face-paint-festival-backgroun_681594898.jpg,1,1,1.0000,1.0000,1.0000,1.0000,1.0000,1.0000,1.0000,,,,,,
data/test/meta_classifier_train_data/known_test\1_fake\landscape_synthetic_stable_diffusion_15_dramatic-thunderstorm-over-open-fields_635540031.jpg,1,1,0.9946,0.9995,0.9969,0.9907,0.9992,0.9998,0.9814,,,,,,
data/test/meta_classifier_train_data/known_test\0_real\celeba_17.jpg,0,0,0.0330,0.0001,0.0011,0.1886,0.0065,0.0004,0.0015,,,,,,
data/test/meta_classifier_train_data/known_test\0_real\lhq_1042.png,0,0,0.0000,0.0000,0.0000,0.0000,0.0000,0.0000,0.0000,,,,,,
data/test/meta_classifier_train_data/known_test\1_fake\building_manipulated_stable_diffusion_15_imag2img_building-with-neon-signs_130409445.jpg,1,1,0.9540,0.9960,1.0000,0.7869,1.0000,0.9956,0.9458,,,,,,
data/test/meta_classifier_train_data/known_test\0_real\faceforensics_551.jpg,0,0,0.4225,0.0010,0.7231,0.0011,0.0005,0.9861,0.8231,,,,,,
data/test/meta_classifier_train_data/known_test\1_fake\building_manipulated_stable_diffusion_15_imag2img_facade-under-bright-noon-sun_107518428.jpg,1,1,0.9745,0.9960,0.9997,0.8690,1.0000,0.9954,0.9869,,,,,,
data/test/meta_classifier_train_data/known_test\1_fake\building_synthetic_juggernaut_xl_v9_futuristic-office-tower-with-curved-glass-blue-sky_876928441.jpg,1,1,0.8772,0.9986,0.9963,0.5807,0.9998,0.7136,0.9742,,,,,,
data/test/meta_classifier_train_data/known_test\1_fake\landscape_manipulated_stable_diffusion_2_inpainting_add-tent-in-field_637811136.jpg,1,1,0.9947,0.9971,1.0000,0.9849,1.0000,0.9999,0.9862,,,,,,
data/test/meta_classifier_train_data/known_test\1_fake\building_synthetic_juggernaut_xl_v9_Greek-island-whitewashed-buildings-with-blue-roofs_972657074.jpg,1,1,1.0000,1.0000,1.0000,0.9999,1.0000,1.0000,1.0000,,,,,,
data/test/meta_classifier_train_data/known_test\1_fake\human_manipulated_stable_diffusion_2_inpainting_add-hoodie-hood-on-head_785756970.jpg,1,1,0.9822,0.9993,0.9997,0.8963,1.0000,0.9992,0.9986,,,,,,
data/test/meta_classifier_train_data/known_test\1_fake\human_2_manipulated_stable_diffusion_inpainting_add-bluetooth-earpiece_462114583.jpg,1,1,0.9805,0.9990,0.9999,0.9375,0.9556,0.9990,0.9922,,,,,,
data/test/meta_classifier_train_data/known_test\0_real\lhq_70.png,0,0,0.0000,0.0000,0.0000,0.0000,0.0000,0.0000,0.0000,,,,,,
data/test/meta_classifier_train_data/known_test\0_real\architecture_581.jpg,0,0,0.0404,0.0000,0.0049,0.2328,0.0014,0.0011,0.0020,,,,,,
data/test/meta_classifier_train_data/known_test\0_real\celeba_172.jpg,0,0,0.0008,0.0000,0.0012,0.0000,0.0033,0.0001,0.0002,,,,,,
data/test/meta_classifier_train_data/known_test\0_real\lhq_1570.png,0,0,0.0002,0.0000,0.0000,0.0013,0.0000,0.0000,0.0000,,,,,,
data/test/meta_classifier_train_data/known_test\0_real\faceforensics_231.jpg,0,0,0.0296,0.0237,0.0006,0.1418,0.0069,0.0034,0.0013,,,,,,
data/test/meta_classifier_train_data/known_test\1_fake\human_synthetic_stable_diffusion_15_group-photo-of-three-friends-mixed-ethnicities-laughing-in-a_153407201.jpg,1,1,0.9386,1.0000,1.0000,0.6317,1.0000,1.0000,1.0000,,,,,,
data/test/meta_classifier_train_data/known_test\1_fake\building_manipulated_stable_diffusion_15_imag2img_building-with-neon-signs_551323129.jpg,1,1,0.9940,0.9994,1.0000,0.9772,0.9996,0.9961,0.9917,,,,,,
data/test/meta_classifier_train_data/known_test\0_real\architecture_1210.jpg,0,0,0.0995,0.0000,0.0230,0.0936,0.0012,0.0019,0.4774,,,,,,
data/test/meta_classifier_train_data/known_test\0_real\celeba_801.jpg,0,0,0.0008,0.0002,0.0009,0.0003,0.0021,0.0000,0.0014,,,,,,
data/test/meta_classifier_train_data/known_test\0_real\architecture_1087.jpg,0,0,0.0000,0.0000,0.0000,0.0001,0.0001,0.0000,0.0000,,,,,,
data/test/meta_classifier_train_data/known_test\0_real\architecture_1470.JPG,0,0,0.0031,0.0162,0.0000,0.0000,0.0016,0.0002,0.0008,,,,,,
data/test/meta_classifier_train_data/known_test\1_fake\building_manipulated_stable_diffusion_15_imag2img_building-at-night-with-lit-windows_43303807.jpg,1,1,0.9529,0.9992,1.0000,0.7473,0.9996,0.9921,0.9792,,,,,,
data/test/meta_classifier_train_data/known_test\0_real\lhq_197.png,0,0,0.0001,0.0000,0.0001,0.0001,0.0004,0.0000,0.0000,,,,,,
data/test/meta_classifier_train_data/known_test\0_real\lhq_1332.png,0,0,0.0006,0.0000,0.0002,0.0015,0.0011,0.0000,0.0010,,,,,,
data/test/meta_classifier_train_data/known_test\1_fake\landscape_manipulated_stable_diffusion_15_imag2img_snowy-mountain-slope_729835593.jpg,1,1,0.9993,0.9999,1.0000,1.0000,1.0000,0.9962,1.0000,,,,,,
data/test/meta_classifier_train_data/known_test\0_real\architecture_436.jpg,0,0,0.0006,0.0000,0.0001,0.0000,0.0000,0.0027,0.0010,,,,,,
data/test/meta_classifier_train_data/known_test\1_fake\human_manipulated_stable_diffusion_15_imag2img_portrait-illuminated-by-laptop-screen_250179422.jpg,1,1,0.9401,0.9941,1.0000,0.9999,0.9227,0.7245,0.9992,,,,,,
data/test/meta_classifier_train_data/known_test\1_fake\landscape_manipulated_stable_diffusion_15_imag2img_river-in-bright-daylight_393624576.jpg,1,1,0.9979,0.9993,1.0000,0.9913,0.9988,1.0000,0.9981,,,,,,
data/test/meta_classifier_train_data/known_test\1_fake\landscape_synthetic_stable_diffusion_15_desert-plateau-with-cacti-midday-sun_122824733.jpg,1,1,1.0000,1.0000,1.0000,1.0000,1.0000,1.0000,1.0000,,,,,,
data/test/meta_classifier_train_data/known_test\1_fake\landscape_synthetic_juggernaut_xl_v9_vast-tundra-under-cloudy-sky-lonely-feeling_909644408.jpg,1,1,0.9972,0.9945,0.9992,0.9901,0.9997,1.0000,0.9995,,,,,,
data/test/meta_classifier_train_data/known_test\0_real\faceforensics_483.jpg,0,1,0.5406,0.4314,0.7169,0.3930,0.7443,0.9380,0.0200,,,,,,
data/test/meta_classifier_train_data/known_test\1_fake\building_synthetic_juggernaut_xl_v9_desert-adobe-houses-warm-sunset-light_649252435.jpg,1,1,0.9783,1.0000,0.9816,0.9179,0.9992,0.9712,0.9998,,,,,,
data/test/meta_classifier_train_data/known_test\0_real\lhq_1717.png,0,0,0.0046,0.0000,0.0000,0.0000,0.0003,0.0076,0.0195,,,,,,
data/test/meta_classifier_train_data/known_test\0_real\architecture_2100.jpg,0,0,0.0000,0.0000,0.0000,0.0000,0.0000,0.0000,0.0000,,,,,,
data/test/meta_classifier_train_data/known_test\0_real\architecture_460.jpg,0,0,0.0001,0.0001,0.0008,0.0000,0.0000,0.0000,0.0000,,,,,,
data/test/meta_classifier_train_data/known_test\1_fake\building_manipulated_stable_diffusion_inpainting_add-mailbox-on-wall_554965530.jpg,1,1,0.9891,0.9992,1.0000,0.9695,0.9848,0.9857,0.9953,,,,,,
data/test/meta_classifier_train_data/known_test\0_real\lhq_727.png,0,0,0.3140,0.5504,0.3120,0.5336,0.3200,0.1413,0.0267,,,,,,
data/test/meta_classifier_train_data/known_test\0_real\architecture_964.jpg,0,0,0.0677,0.1854,0.0015,0.0018,0.0263,0.1325,0.0590,,,,,,
data/test/meta_classifier_train_data/known_test\1_fake\landscape_manipulated_stable_diffusion_15_imag2img_waterfall-in-daylight_755309459.jpg,1,1,0.9998,0.9999,1.0000,0.9992,1.0000,1.0000,0.9999,,,,,,
data/test/meta_classifier_train_data/known_test\0_real\celeba_547.jpg,0,0,0.0010,0.0001,0.0007,0.0000,0.0052,0.0002,0.0000,,,,,,
data/test/meta_classifier_train_data/known_test\1_fake\landscape_synthetic_stable_diffusion_15_desert-dunes-under-clear-blue-sky-detailed-sand-textures_308071260.jpg,1,1,0.9850,0.9996,0.9999,0.9750,0.9983,0.9374,0.9999,,,,,,
data/test/meta_classifier_train_data/known_test\0_real\lhq_1542.png,0,0,0.0040,0.0000,0.0000,0.0000,0.0159,0.0082,0.0000,,,,,,
data/test/meta_classifier_train_data/known_test\0_real\architecture_946.jpg,0,0,0.0003,0.0001,0.0000,0.0000,0.0014,0.0002,0.0000,,,,,,
data/test/meta_classifier_train_data/known_test\0_real\lhq_136.png,0,0,0.0001,0.0001,0.0001,0.0001,0.0001,0.0000,0.0000,,,,,,
data/test/meta_classifier_train_data/known_test\1_fake\landscape_synthetic_stable_diffusion_15_desert-oasis-with-palm-trees-and-water-pool_418744975.jpg,1,1,1.0000,1.0000,1.0000,1.0000,1.0000,1.0000,1.0000,,,,,,
data/test/meta_classifier_train_data/known_test\0_real\lhq_1870.png,0,0,0.0000,0.0000,0.0001,0.0000,0.0000,0.0000,0.0000,,,,,,
data/test/meta_classifier_train_data/known_test\1_fake\landscape_synthetic_juggernaut_xl_v9_rolling-green-hills-in-spring-wildflowers-in-bloom_591957562.jpg,1,1,0.9998,0.9997,1.0000,0.9999,0.9990,1.0000,1.0000,,,,,,
data/test/meta_classifier_train_data/known_test\0_real\lhq_1950.png,0,0,0.0405,0.0000,0.0066,0.0000,0.0001,0.2363,0.0002,,,,,,
data/test/meta_classifier_train_data/known_test\0_real\faceforensics_606.jpg,0,0,0.0028,0.0036,0.0075,0.0001,0.0054,0.0000,0.0000,,,,,,
data/test/meta_classifier_train_data/known_test\1_fake\landscape_manipulated_stable_diffusion_2_inpainting_add-picnic-table_712713680.jpg,1,1,0.9973,0.9996,1.0000,0.9966,0.9999,1.0000,0.9878,,,,,,
data/test/meta_classifier_train_data/known_test\1_fake\landscape_manipulated_stable_diffusion_inpainting_add-fox-in-forest_875027377.jpg,1,1,0.9995,0.9997,1.0000,0.9984,0.9999,1.0000,0.9993,,,,,,
data/test/meta_classifier_train_data/known_test\1_fake\landscape_manipulated_stable_diffusion_inpainting_add-bench-near-path_834718476.jpg,1,1,0.9797,0.9998,1.0000,0.8821,0.9974,0.9991,1.0000,,,,,,
data/test/meta_classifier_train_data/known_test\0_real\architecture_355.jpg,0,0,0.1490,0.0059,0.0071,0.0000,0.3854,0.4666,0.0290,,,,,,
data/test/meta_classifier_train_data/known_test\0_real\celeba_707.jpg,0,0,0.0001,0.0000,0.0003,0.0002,0.0004,0.0000,0.0000,,,,,,
data/test/meta_classifier_train_data/known_test\0_real\architecture_585.jpg,0,0,0.1773,0.0002,0.0592,0.0000,0.0003,0.9962,0.0077,,,,,,
data/test/meta_classifier_train_data/known_test\1_fake\building_synthetic_dreamlike_photoreal_20_classic-New-York-brownstone-street-autumn-leaves_622687987.jpg,1,1,0.9928,1.0000,1.0000,1.0000,1.0000,1.0000,0.9566,,,,,,
data/test/meta_classifier_train_data/known_test\0_real\architecture_1292.JPG,0,0,0.1178,0.0042,0.0463,0.0000,0.0055,0.0776,0.5735,,,,,,
data/test/meta_classifier_train_data/known_test\0_real\lhq_643.png,0,0,0.0740,0.0000,0.0421,0.4001,0.0004,0.0000,0.0017,,,,,,
data/test/meta_classifier_train_data/known_test\0_real\lhq_946.png,0,0,0.0002,0.0000,0.0000,0.0000,0.0001,0.0000,0.0013,,,,,,
data/test/meta_classifier_train_data/known_test\0_real\celeba_365.jpg,0,0,0.0028,0.0001,0.0047,0.0008,0.0109,0.0000,0.0001,,,,,,
data/test/meta_classifier_train_data/known_test\1_fake\building_manipulated_stable_diffusion_inpainting_add-small-shop-sign_191297873.jpg,1,1,0.8314,0.6132,0.9455,0.9504,0.7215,0.8894,0.8682,,,,,,
data/test/meta_classifier_train_data/known_test\0_real\lhq_1136.png,0,0,0.1603,0.0058,0.0870,0.0133,0.1914,0.5983,0.0661,,,,,,
data/test/meta_classifier_train_data/known_test\1_fake\human_synthetic_juggernaut_xl_v9_portrait-of-a-man-with-long-hair-and-tattoos-dramatic-lighti_544459925.jpg,1,1,0.9999,1.0000,1.0000,1.0000,1.0000,1.0000,0.9994,,,,,,
data/test/meta_classifier_train_data/known_test\0_real\faceforensics_799.jpg,0,0,0.0261,0.0007,0.0002,0.0000,0.0060,0.1393,0.0103,,,,,,
data/test/meta_classifier_train_data/known_test\0_real\lhq_1239.png,0,0,0.0000,0.0000,0.0000,0.0000,0.0000,0.0000,0.0000,,,,,,
data/test/meta_classifier_train_data/known_test\0_real\faceforensics_1050.jpg,0,0,0.1505,0.0049,0.8889,0.0033,0.0002,0.0053,0.0001,,,,,,
data/test/meta_classifier_train_data/known_test\1_fake\landscape_synthetic_juggernaut_xl_v9_lush-jungle-waterfall-spray-in-the-air_590404559.jpg,1,1,0.9993,0.9997,1.0000,1.0000,0.9999,0.9997,0.9962,,,,,,
data/test/meta_classifier_train_data/known_test\0_real\architecture_390.JPG,0,0,0.0187,0.0009,0.0005,0.0000,0.0002,0.0566,0.0537,,,,,,
data/test/meta_classifier_train_data/known_test\1_fake\building_manipulated_stable_diffusion_2_inpainting_add-satellite-dish_842182802.jpg,1,1,0.9764,0.9996,0.9706,0.9991,1.0000,0.9997,0.8894,,,,,,
data/test/meta_classifier_train_data/known_test\0_real\architecture_2000.JPG,0,0,0.1189,0.0000,0.0267,0.0045,0.0059,0.5143,0.1619,,,,,,
data/test/meta_classifier_train_data/known_test\0_real\lhq_553.png,0,0,0.3246,0.0001,0.8985,0.0166,0.6112,0.4211,0.0001,,,,,,
data/test/meta_classifier_train_data/known_test\0_real\architecture_134.jpg,0,0,0.1165,0.0000,0.0086,0.0051,0.1848,0.1358,0.3648,,,,,,
data/test/meta_classifier_train_data/known_test\1_fake\building_synthetic_juggernaut_xl_v9_abandoned-farmhouse-in-rural-field_21833793.jpg,1,1,0.9929,0.9991,1.0000,0.9994,1.0000,1.0000,0.9586,,,,,,
data/test/meta_classifier_train_data/known_test\0_real\architecture_1611.jpg,0,0,0.0311,0.0000,0.0160,0.1663,0.0025,0.0016,0.0000,,,,,,
data/test/meta_classifier_train_data/known_test\1_fake\human_manipulated_stable_diffusion_15_imag2img_portrait-illuminated-by-laptop-screen_161669422.jpg,1,1,0.9987,0.9923,1.0000,0.9999,1.0000,0.9999,1.0000,,,,,,
data/test/meta_classifier_train_data/known_test\0_real\lhq_624.png,0,0,0.0000,0.0000,0.0000,0.0003,0.0000,0.0000,0.0000,,,,,,
data/test/meta_classifier_train_data/known_test\1_fake\landscape_manipulated_stable_diffusion_15_imag2img_autumn-scene-with-colorful-trees_190924933.jpg,1,1,0.8774,0.9885,0.9847,0.9996,0.4557,0.8393,0.9969,,,,,,
data/test/meta_classifier_train_data/known_test\0_real\architecture_445.jpg,0,1,0.8258,0.9905,0.7828,0.1827,0.9998,1.0000,0.9993,,,,,,
data/test/meta_classifier_train_data/known_test\0_real\celeba_970.jpg,0,0,0.0387,0.0000,0.0016,0.0000,0.2307,0.0000,0.0000,,,,,,
data/test/meta_classifier_train_data/known_test\0_real\faceforensics_950.jpg,0,0,0.0647,0.0003,0.0006,0.3494,0.0107,0.0001,0.0269,,,,,,
data/test/meta_classifier_train_data/known_test\1_fake\landscape_manipulated_stable_diffusion_inpainting_add-dog-near-path_945520526.jpg,1,1,0.9996,0.9997,1.0000,0.9992,1.0000,1.0000,0.9988,,,,,,
data/test/meta_classifier_train_data/known_test\1_fake\landscape_synthetic_dreamlike_photoreal_20_river-winding-through-canyon-aerial-perspective_831471932.jpg,1,1,1.0000,0.9999,1.0000,0.9999,1.0000,1.0000,1.0000,,,,,,
data/test/meta_classifier_train_data/known_test\1_fake\landscape_synthetic_dreamlike_photoreal_20_rolling-green-hills-in-spring-wildflowers-in-bloom_22932395.jpg,1,1,0.9472,0.9989,1.0000,0.9941,0.7121,1.0000,0.9780,,,,,,
data/test/meta_classifier_train_data/known_test\1_fake\human_synthetic_dreamlike_photoreal_20_portrait-of-a-middle-aged-Hispanic-man-short-hair-warm-tone-_192673893.jpg,1,1,0.9931,1.0000,1.0000,1.0000,1.0000,0.9589,1.0000,,,,,,
data/test/meta_classifier_train_data/known_test\0_real\celeba_937.jpg,0,0,0.0958,0.0005,0.0224,0.0152,0.5289,0.0052,0.0029,,,,,,
data/test/meta_classifier_train_data/known_test\1_fake\human_2_manipulated_stable_diffusion_inpainting_add-mustache_246606809.jpg,1,1,0.9478,0.9977,0.9074,0.7826,1.0000,0.9992,0.9997,,,,,,
data/test/meta_classifier_train_data/known_test\0_real\architecture_1750.JPG,0,0,0.2122,0.0008,0.0012,0.0015,0.1423,0.6787,0.4489,,,,,,
data/test/meta_classifier_train_data/known_test\1_fake\human_2_manipulated_stable_diffusion_2_inpainting_add-short-necklace_815720063.jpg,1,1,0.8911,0.7139,1.0000,0.6441,0.9992,0.9945,0.9951,,,,,,
data/test/meta_classifier_train_data/known_test\1_fake\human_manipulated_stable_diffusion_inpainting_add-hoop-earrings_368584829.jpg,1,1,0.9904,0.9998,1.0000,0.9966,0.9995,0.9475,0.9987,,,,,,
data/test/meta_classifier_train_data/known_test\1_fake\building_manipulated_stable_diffusion_2_inpainting_add-air-conditioning-unit_31742694.jpg,1,0,0.3830,0.9676,0.1182,0.0076,0.3014,0.2218,0.6815,,,,,,
data/test/meta_classifier_train_data/known_test\0_real\celeba_90.jpg,0,0,0.0008,0.0001,0.0008,0.0000,0.0012,0.0025,0.0000,,,,,,
data/test/meta_classifier_train_data/known_test\1_fake\landscape_manipulated_stable_diffusion_2_inpainting_add-small-barn_79746528.jpg,1,1,1.0000,1.0000,1.0000,0.9999,1.0000,1.0000,1.0000,,,,,,
data/test/meta_classifier_train_data/known_test\0_real\celeba_453.jpg,0,0,0.0002,0.0001,0.0008,0.0000,0.0000,0.0001,0.0000,,,,,,
data/test/meta_classifier_train_data/known_test\0_real\faceforensics_740.jpg,0,0,0.0033,0.0033,0.0024,0.0001,0.0123,0.0016,0.0000,,,,,,
data/test/meta_classifier_train_data/known_test\0_real\lhq_1053.png,0,0,0.0005,0.0000,0.0000,0.0000,0.0029,0.0003,0.0000,,,,,,
data/test/meta_classifier_train_data/known_test\1_fake\human_synthetic_juggernaut_xl_v9_portrait-of-a-man-with-long-hair-and-tattoos-dramatic-lighti_412834920.jpg,1,1,0.9973,1.0000,0.9996,1.0000,0.9999,1.0000,0.9844,,,,,,
data/test/meta_classifier_train_data/known_test\0_real\lhq_1521.png,0,0,0.0000,0.0000,0.0002,0.0000,0.0000,0.0000,0.0000,,,,,,
data/test/meta_classifier_train_data/known_test\1_fake\landscape_synthetic_dreamlike_photoreal_20_desert-plateau-with-cacti-midday-sun_603102939.jpg,1,1,1.0000,1.0000,0.9999,1.0000,1.0000,1.0000,0.9999,,,,,,
data/test/meta_classifier_train_data/known_test\1_fake\landscape_manipulated_stable_diffusion_inpainting_add-cow-on-meadow_943935296.jpg,1,1,0.9981,0.9988,1.0000,0.9902,1.0000,0.9995,0.9999,,,,,,
data/test/meta_classifier_train_data/known_test\0_real\architecture_1406.jpg,0,1,0.7547,0.0078,0.6730,0.8647,0.9996,0.9991,0.9840,,,,,,
data/test/meta_classifier_train_data/known_test\1_fake\human_synthetic_dreamlike_photoreal_20_photo-of-an-elderly-couple-holding-hands-in-a-park_849595797.jpg,1,1,0.8367,1.0000,0.9999,0.0211,1.0000,1.0000,0.9990,,,,,,
data/test/meta_classifier_train_data/known_test\1_fake\human_synthetic_juggernaut_xl_v9_photo-of-a-diverse-group-of-five-people-posing-outdoors-wide_147709680.jpg,1,1,0.9865,1.0000,0.9837,0.9387,1.0000,0.9984,0.9981,,,,,,
data/test/meta_classifier_train_data/known_test\1_fake\landscape_synthetic_juggernaut_xl_v9_desert-dunes-under-clear-blue-sky-detailed-sand-textures_697460536.jpg,1,1,0.9949,0.9999,0.9997,0.9767,0.9931,0.9999,1.0000,,,,,,
data/test/meta_classifier_train_data/known_test\0_real\lhq_513.png,0,0,0.0011,0.0000,0.0056,0.0001,0.0009,0.0000,0.0000,,,,,,
data/test/meta_classifier_train_data/known_test\0_real\faceforensics_318.jpg,0,0,0.0770,0.0025,0.0002,0.0007,0.3886,0.0073,0.0631,,,,,,
data/test/meta_classifier_train_data/known_test\0_real\lhq_989.png,0,0,0.0000,0.0000,0.0000,0.0000,0.0001,0.0000,0.0000,,,,,,
data/test/meta_classifier_train_data/known_test\1_fake\human_2_manipulated_stable_diffusion_2_inpainting_add-stud-earrings_110829910.jpg,1,1,0.8509,0.9960,0.9996,0.4528,0.8336,0.8508,0.9726,,,,,,
data/test/meta_classifier_train_data/known_test\0_real\lhq_1238.png,0,0,0.0061,0.0004,0.0063,0.0068,0.0040,0.0187,0.0002,,,,,,
data/test/meta_classifier_train_data/known_test\1_fake\human_2_manipulated_stable_diffusion_inpainting_add-mole-on-face_376984618.jpg,1,1,0.9303,0.9988,0.9999,0.5923,0.9939,0.9979,0.9992,,,,,,
data/test/meta_classifier_train_data/known_test\1_fake\building_synthetic_stable_diffusion_15_old-European-cathedral-with-gothic-details-daylight_991348896.jpg,1,1,0.9939,0.9997,1.0000,0.9884,1.0000,0.9756,1.0000,,,,,,
data/test/meta_classifier_train_data/known_test\0_real\architecture_637.JPG,0,0,0.1157,0.0000,0.0194,0.1664,0.0746,0.0136,0.4203,,,,,,
data/test/meta_classifier_train_data/known_test\0_real\lhq_1483.png,0,0,0.0276,0.1077,0.0014,0.0488,0.0008,0.0001,0.0069,,,,,,
data/test/meta_classifier_train_data/known_test\0_real\architecture_1942.jpg,0,0,0.0000,0.0000,0.0000,0.0000,0.0001,0.0000,0.0000,,,,,,
data/test/meta_classifier_train_data/known_test\0_real\faceforensics_171.jpg,0,0,0.0103,0.0021,0.0406,0.0145,0.0022,0.0016,0.0008,,,,,,
data/test/meta_classifier_train_data/known_test\0_real\lhq_1231.png,0,0,0.0963,0.0004,0.0006,0.0856,0.0296,0.1482,0.3135,,,,,,
data/test/meta_classifier_train_data/known_test\0_real\architecture_1850.JPG,0,0,0.0963,0.0759,0.0005,0.0034,0.0004,0.0136,0.4843,,,,,,
data/test/meta_classifier_train_data/known_test\0_real\lhq_379.png,0,0,0.1771,0.5847,0.0190,0.3497,0.0615,0.0034,0.0446,,,,,,
data/test/meta_classifier_train_data/known_test\0_real\celeba_863.jpg,0,0,0.0001,0.0000,0.0002,0.0001,0.0001,0.0000,0.0000,,,,,,
data/test/meta_classifier_train_data/known_test\1_fake\landscape_manipulated_stable_diffusion_2_inpainting_add-wind-turbine_371527222.jpg,1,1,0.9999,0.9997,1.0000,0.9998,0.9999,1.0000,1.0000,,,,,,
data/test/meta_classifier_train_data/known_test\0_real\lhq_1423.png,0,0,0.0140,0.0000,0.0030,0.0048,0.0000,0.0630,0.0131,,,,,,
data/test/meta_classifier_train_data/known_test\0_real\lhq_1587.png,0,0,0.0088,0.0000,0.0001,0.0002,0.0000,0.0524,0.0000,,,,,,
data/test/meta_classifier_train_data/known_test\1_fake\building_synthetic_stable_diffusion_15_apartment-block-with-balconies-urban-daylight_191735735.jpg,1,1,0.9474,0.9502,1.0000,1.0000,0.9972,0.9980,0.7392,,,,,,
data/test/meta_classifier_train_data/known_test\1_fake\human_manipulated_stable_diffusion_2_inpainting_add-hoodie-hood-on-head_705502155.jpg,1,1,0.7174,0.9949,0.9912,0.9684,0.1315,0.9996,0.2189,,,,,,
data/test/meta_classifier_train_data/known_test\1_fake\human_manipulated_stable_diffusion_inpainting_add-mole-on-face_872792131.jpg,1,1,0.7500,0.9997,0.9995,0.4855,0.9590,0.0568,0.9995,,,,,,
data/test/meta_classifier_train_data/known_test\0_real\lhq_581.png,0,0,0.0062,0.0010,0.0341,0.0005,0.0000,0.0000,0.0016,,,,,,
data/test/meta_classifier_train_data/known_test\1_fake\human_manipulated_stable_diffusion_15_imag2img_portrait-with-subtle-film-grain-effect_153387314.jpg,1,1,0.9998,0.9991,1.0000,0.9999,1.0000,1.0000,1.0000,,,,,,
data/test/meta_classifier_train_data/known_test\1_fake\landscape_synthetic_juggernaut_xl_v9_desert-plateau-with-cacti-midday-sun_54267348.jpg,1,1,0.9358,0.9998,0.9993,1.0000,0.9425,0.9984,0.6746,,,,,,
data/test/meta_classifier_train_data/known_test\0_real\architecture_1944.jpg,0,0,0.2896,0.0000,0.0020,0.0260,0.4138,0.6725,0.6234,,,,,,
data/test/meta_classifier_train_data/known_test\0_real\celeba_381.jpg,0,0,0.0007,0.0001,0.0011,0.0029,0.0001,0.0000,0.0000,,,,,,
data/test/meta_classifier_train_data/known_test\1_fake\building_manipulated_stable_diffusion_inpainting_add-tree-shadow-on-wall_456195627.jpg,1,1,0.9565,0.9995,0.9906,0.7714,1.0000,1.0000,0.9774,,,,,,
data/test/meta_classifier_train_data/known_test\1_fake\landscape_manipulated_stable_diffusion_2_inpainting_add-wind-turbine_648145840.jpg,1,1,0.8951,1.0000,0.9993,0.9999,0.9966,0.3749,0.9999,,,,,,
data/test/meta_classifier_train_data/known_test\0_real\architecture_643.jpg,0,0,0.0012,0.0000,0.0003,0.0000,0.0000,0.0000,0.0070,,,,,,
data/test/meta_classifier_train_data/known_test\1_fake\human_synthetic_stable_diffusion_15_portrait-of-a-young-Indigenous-woman-in-traditional-clothing_91969691.jpg,1,1,0.9999,1.0000,1.0000,1.0000,0.9995,0.9999,1.0000,,,,,,
data/test/meta_classifier_train_data/known_test\1_fake\human_manipulated_stable_diffusion_2_inpainting_add-freckles-on-cheeks_84051323.jpg,1,1,0.5434,0.9966,0.2143,0.0020,0.6513,0.9710,0.4254,,,,,,
data/test/meta_classifier_train_data/known_test\0_real\celeba_948.jpg,0,0,0.0012,0.0001,0.0010,0.0000,0.0054,0.0010,0.0000,,,,,,
data/test/meta_classifier_train_data/known_test\0_real\architecture_315.JPG,0,0,0.2304,0.0003,0.0678,0.0166,0.1374,0.9802,0.1800,,,,,,
data/test/meta_classifier_train_data/known_test\0_real\architecture_1334.jpg,0,1,0.6691,0.1158,0.8334,0.9796,0.8486,0.9355,0.3014,,,,,,
data/test/meta_classifier_train_data/known_test\1_fake\building_manipulated_stable_diffusion_2_inpainting_add-mailbox-on-wall_583454066.jpg,1,1,0.9520,0.9972,1.0000,0.9962,0.9985,0.9986,0.7217,,,,,,
data/test/meta_classifier_train_data/known_test\0_real\lhq_356.png,0,0,0.1565,0.3847,0.1093,0.0048,0.0639,0.0000,0.3762,,,,,,
data/test/meta_classifier_train_data/known_test\0_real\lhq_1828.png,0,0,0.0134,0.0000,0.0732,0.0002,0.0004,0.0038,0.0026,,,,,,
data/test/meta_classifier_train_data/known_test\1_fake\landscape_manipulated_stable_diffusion_inpainting_add-small-boat-on-water_560892226.jpg,1,1,0.9952,0.9967,1.0000,0.9751,1.0000,1.0000,0.9997,,,,,,
data/test/meta_classifier_train_data/known_test\0_real\celeba_555.jpg,0,0,0.0019,0.0001,0.0029,0.0053,0.0016,0.0009,0.0006,,,,,,
data/test/meta_classifier_train_data/known_test\0_real\architecture_1860.jpg,0,0,0.0000,0.0000,0.0003,0.0000,0.0000,0.0000,0.0000,,,,,,
data/test/meta_classifier_train_data/known_test\1_fake\human_2_manipulated_stable_diffusion_15_imag2img_portrait-with-subtle-film-grain-effect_414331134.jpg,1,0,0.4090,0.9881,0.9741,0.0401,0.0701,0.0737,0.3079,,,,,,
data/test/meta_classifier_train_data/known_test\0_real\faceforensics_840.jpg,0,0,0.0168,0.0068,0.0936,0.0000,0.0001,0.0001,0.0005,,,,,,
data/test/meta_classifier_train_data/known_test\1_fake\human_2_manipulated_stable_diffusion_15_imag2img_portrait-with-slight-vignette-effect_801820910.jpg,1,1,0.5151,0.9551,0.4618,0.0696,0.7043,0.0408,0.8593,,,,,,
data/test/meta_classifier_train_data/known_test\0_real\lhq_1856.png,0,0,0.0036,0.0184,0.0000,0.0033,0.0000,0.0000,0.0000,,,,,,
data/test/meta_classifier_train_data/known_test\1_fake\building_manipulated_stable_diffusion_15_imag2img_brick-building-in-golden-hour_850234434.jpg,1,0,0.1330,0.0978,0.0686,0.0001,0.3459,0.0005,0.2851,,,,,,
data/test/meta_classifier_train_data/known_test\1_fake\building_synthetic_dreamlike_photoreal_20_modern-museum-building-with-geometric-shapes_73466220.jpg,1,1,0.9928,0.9996,1.0000,0.9985,0.9768,0.9852,0.9969,,,,,,
data/test/meta_classifier_train_data/known_test\1_fake\human_manipulated_stable_diffusion_2_inpainting_add-eyeglasses_873728354.jpg,1,1,0.9631,0.9983,1.0000,0.7852,0.9968,0.9999,0.9982,,,,,,
data/test/meta_classifier_train_data/known_test\0_real\architecture_1797.jpg,0,0,0.0005,0.0000,0.0001,0.0000,0.0000,0.0000,0.0028,,,,,,
data/test/meta_classifier_train_data/known_test\1_fake\human_2_manipulated_stable_diffusion_15_imag2img_portrait-with-warm-golden-hour-tones_928733905.jpg,1,1,0.5103,0.1268,0.9274,0.2848,0.0386,0.9970,0.6871,,,,,,
data/test/meta_classifier_train_data/known_test\0_real\architecture_1444.JPG,0,0,0.0001,0.0000,0.0001,0.0000,0.0000,0.0005,0.0001,,,,,,
data/test/meta_classifier_train_data/known_test\0_real\lhq_912.png,0,0,0.0001,0.0000,0.0000,0.0002,0.0002,0.0000,0.0000,,,,,,
data/test/meta_classifier_train_data/known_test\0_real\architecture_1180.JPG,0,0,0.0461,0.0000,0.0007,0.0003,0.0308,0.1972,0.0475,,,,,,
data/test/meta_classifier_train_data/known_test\1_fake\building_synthetic_stable_diffusion_15_snow-covered-alpine-chalet-with-warm-lights-inside_840081099.jpg,1,1,0.9921,0.9999,0.9937,0.9607,0.9994,0.9997,0.9994,,,,,,
data/test/meta_classifier_train_data/known_test\0_real\architecture_293.jpg,0,0,0.1953,0.0000,0.2075,0.0017,0.0011,0.9227,0.0385,,,,,,
data/test/meta_classifier_train_data/known_test\0_real\celeba_865.jpg,0,0,0.0015,0.0001,0.0008,0.0000,0.0080,0.0000,0.0001,,,,,,
data/test/meta_classifier_train_data/known_test\1_fake\building_synthetic_juggernaut_xl_v9_suburban-residential-street-with-family-houses_308034407.jpg,1,1,1.0000,1.0000,1.0000,1.0000,1.0000,1.0000,1.0000,,,,,,
data/test/meta_classifier_train_data/known_test\0_real\faceforensics_942.jpg,0,0,0.0050,0.0068,0.0009,0.0000,0.0001,0.0222,0.0000,,,,,,
data/test/meta_classifier_train_data/known_test\0_real\lhq_632.png,0,0,0.0003,0.0000,0.0000,0.0017,0.0000,0.0000,0.0001,,,,,,
data/test/meta_classifier_train_data/known_test\0_real\lhq_1131.png,0,0,0.0005,0.0000,0.0004,0.0000,0.0000,0.0000,0.0024,,,,,,
data/test/meta_classifier_train_data/known_test\1_fake\building_synthetic_stable_diffusion_15_classic-New-York-brownstone-street-autumn-leaves_725003956.jpg,1,1,0.9979,0.9997,1.0000,1.0000,1.0000,0.9875,1.0000,,,,,,
data/test/meta_classifier_train_data/known_test\1_fake\building_synthetic_stable_diffusion_15_old-industrial-warehouse-with-brick-walls_797163847.jpg,1,1,0.9913,0.9722,1.0000,0.9987,0.9980,0.9823,0.9969,,,,,,
data/test/meta_classifier_train_data/known_test\1_fake\building_manipulated_stable_diffusion_15_imag2img_office-tower-at-dusk_450149968.jpg,1,1,0.8412,0.9969,0.0781,0.9949,0.9990,0.9999,0.9782,,,,,,
data/test/meta_classifier_train_data/known_test\1_fake\landscape_manipulated_stable_diffusion_2_inpainting_add-single-bird-in-sky_177611410.jpg,1,1,0.9994,0.9996,1.0000,0.9972,1.0000,1.0000,0.9997,,,,,,
data/test/meta_classifier_train_data/known_test\0_real\lhq_1187.png,0,0,0.0000,0.0000,0.0000,0.0000,0.0000,0.0001,0.0000,,,,,,
data/test/meta_classifier_train_data/known_test\1_fake\human_manipulated_stable_diffusion_inpainting_add-headset-on-ears_778058057.jpg,1,1,0.9732,0.9991,0.9999,0.8565,0.9981,0.9947,0.9907,,,,,,
data/test/meta_classifier_train_data/known_test\1_fake\landscape_manipulated_stable_diffusion_inpainting_add-deer-in-forest_142382589.jpg,1,1,0.9980,0.9999,1.0000,0.9967,0.9926,0.9994,0.9995,,,,,,
data/test/meta_classifier_train_data/known_test\0_real\architecture_329.jpg,0,0,0.0000,0.0000,0.0001,0.0000,0.0000,0.0000,0.0000,,,,,,
data/test/meta_classifier_train_data/known_test\0_real\celeba_126.jpg,0,0,0.0010,0.0001,0.0018,0.0023,0.0015,0.0002,0.0000,,,,,,
data/test/meta_classifier_train_data/known_test\1_fake\building_manipulated_stable_diffusion_2_inpainting_add-small-balcony_135078507.jpg,1,1,0.9477,0.9992,0.9999,0.9751,0.8648,0.8614,0.9857,,,,,,
data/test/meta_classifier_train_data/known_test\1_fake\human_manipulated_stable_diffusion_inpainting_add-stud-earrings_121517072.jpg,1,1,0.9994,0.9995,1.0000,0.9971,0.9997,0.9998,1.0000,,,,,,
data/test/meta_classifier_train_data/known_test\1_fake\building_synthetic_stable_diffusion_15_modern-museum-building-with-geometric-shapes_681057737.jpg,1,1,0.7278,0.9773,0.7216,0.8868,0.1495,0.6396,0.9922,,,,,,
data/test/meta_classifier_train_data/known_test\0_real\faceforensics_843.jpg,0,0,0.0559,0.0014,0.0539,0.0845,0.0005,0.0000,0.1952,,,,,,
data/test/meta_classifier_train_data/known_test\1_fake\building_manipulated_stable_diffusion_inpainting_add-ivy-on-facade_363446379.jpg,1,1,0.9823,0.9949,0.9997,0.9772,0.9849,0.9998,0.9372,,,,,,
data/test/meta_classifier_train_data/known_test\1_fake\landscape_synthetic_juggernaut_xl_v9_coastal-cliffs-with-crashing-waves-overcast-weather_343154755.jpg,1,1,0.9463,0.9812,0.7506,0.9503,0.9989,0.9999,0.9971,,,,,,
data/test/meta_classifier_train_data/known_test\1_fake\landscape_synthetic_juggernaut_xl_v9_volcanic-landscape-with-lava-fields-dramatic-sky_592326391.jpg,1,1,0.9998,0.9999,1.0000,0.9997,1.0000,1.0000,0.9992,,,,,,
data/test/meta_classifier_train_data/known_test\1_fake\human_synthetic_stable_diffusion_15_professional-headshot-of-a-South-Asian-man-with-glasses-neut_244703908.jpg,1,1,0.9999,1.0000,1.0000,1.0000,1.0000,1.0000,0.9996,,,,,,
data/test/meta_classifier_train_data/known_test\0_real\faceforensics_294.jpg,0,0,0.0229,0.0011,0.0953,0.0004,0.0025,0.0018,0.0366,,,,,,
data/test/meta_classifier_train_data/known_test\0_real\celeba_857.jpg,0,0,0.0002,0.0001,0.0011,0.0000,0.0001,0.0000,0.0000,,,,,,
data/test/meta_classifier_train_data/known_test\1_fake\building_manipulated_stable_diffusion_2_inpainting_add-flower-pots-on-windowsill_475698600.jpg,1,1,0.5056,0.5501,0.0823,0.0067,0.5423,0.8894,0.9632,,,,,,
data/test/meta_classifier_train_data/known_test\1_fake\human_synthetic_stable_diffusion_15_studio-portrait-of-a-middle-aged-Caucasian-woman-with-freckl_369319645.jpg,1,1,0.9761,0.9240,0.9686,0.9921,0.9908,0.9900,0.9913,,,,,,
data/test/meta_classifier_train_data/known_test\0_real\celeba_253.jpg,0,0,0.0174,0.0001,0.0016,0.0005,0.0993,0.0000,0.0025,,,,,,
data/test/meta_classifier_train_data/known_test\0_real\faceforensics_608.jpg,0,0,0.2688,0.5736,0.0006,0.0142,0.9648,0.0592,0.0001,,,,,,
data/test/meta_classifier_train_data/known_test\1_fake\landscape_manipulated_stable_diffusion_2_inpainting_add-person-silhouette-in-distance_457611678.jpg,1,1,0.9866,0.9986,0.9991,0.9534,0.9993,0.9731,0.9964,,,,,,
data/test/meta_classifier_train_data/known_test\1_fake\building_manipulated_stable_diffusion_15_imag2img_building-under-cloudy-sky_752398389.jpg,1,1,0.9863,0.9998,0.9993,0.9208,1.0000,0.9999,0.9982,,,,,,
data/test/meta_classifier_train_data/known_test\0_real\architecture_402.JPG,0,0,0.3331,0.8028,0.0147,0.3231,0.0003,0.0428,0.8151,,,,,,
data/test/meta_classifier_train_data/known_test\1_fake\building_manipulated_stable_diffusion_inpainting_add-door-mat_976720159.jpg,1,1,0.9875,0.9999,1.0000,0.9511,0.9960,0.9998,0.9779,,,,,,
data/test/meta_classifier_train_data/known_test\0_real\architecture_109.jpg,0,0,0.1769,0.0000,0.1296,0.0055,0.0011,0.8655,0.0597,,,,,,
data/test/meta_classifier_train_data/known_test\0_real\architecture_592.JPG,0,1,0.6071,0.1735,0.8036,0.0586,0.9895,0.7532,0.8643,,,,,,
data/test/meta_classifier_train_data/known_test\0_real\celeba_779.jpg,0,0,0.0000,0.0000,0.0000,0.0000,0.0000,0.0000,0.0000,,,,,,
data/test/meta_classifier_train_data/known_test\0_real\lhq_765.png,0,0,0.3833,0.0159,0.5985,0.0014,0.3557,0.9988,0.3292,,,,,,
data/test/meta_classifier_train_data/known_test\0_real\architecture_307.jpg,0,0,0.0001,0.0000,0.0000,0.0000,0.0000,0.0003,0.0000,,,,,,
data/test/meta_classifier_train_data/known_test\0_real\faceforensics_328.jpg,0,0,0.0269,0.0655,0.0810,0.0003,0.0135,0.0004,0.0005,,,,,,
data/test/meta_classifier_train_data/known_test\0_real\architecture_29.jpg,0,0,0.0398,0.0000,0.0926,0.0001,0.0166,0.0452,0.0845,,,,,,
data/test/meta_classifier_train_data/known_test\1_fake\building_synthetic_dreamlike_photoreal_20_modern-glass-skyscraper-in-city-center-photographed-at-dusk_933476227.jpg,1,1,0.9958,1.0000,0.9999,0.9997,0.9811,0.9940,1.0000,,,,,,
data/test/meta_classifier_train_data/known_test\1_fake\landscape_synthetic_dreamlike_photoreal_20_dramatic-thunderstorm-over-open-fields_106492060.jpg,1,1,0.9983,1.0000,0.9962,0.9998,1.0000,0.9963,0.9975,,,,,,
data/test/meta_classifier_train_data/known_test\0_real\celeba_965.jpg,0,0,0.0021,0.0001,0.0014,0.0003,0.0107,0.0000,0.0000,,,,,,
data/test/meta_classifier_train_data/known_test\1_fake\building_synthetic_stable_diffusion_15_futuristic-office-tower-with-curved-glass-blue-sky_719112791.jpg,1,1,0.9847,0.9999,1.0000,0.9096,0.9992,1.0000,0.9997,,,,,,
data/test/meta_classifier_train_data/known_test\1_fake\landscape_manipulated_stable_diffusion_2_inpainting_add-bicycle-on-path_647305492.jpg,1,1,0.9761,0.9997,0.9980,0.9989,0.8664,0.9964,0.9973,,,,,,
data/test/meta_classifier_train_data/known_test\1_fake\building_manipulated_stable_diffusion_inpainting_add-flower-pots-on-windowsill_769084356.jpg,1,1,0.9926,0.9987,0.9659,0.9921,0.9997,0.9992,0.9998,,,,,,
data/test/meta_classifier_train_data/known_test\1_fake\human_synthetic_stable_diffusion_15_photo-of-a-young-boy-with-curly-hair-smiling-outdoors-in-the_726600540.jpg,1,1,0.9998,1.0000,1.0000,1.0000,1.0000,1.0000,0.9986,,,,,,
data/test/meta_classifier_train_data/known_test\1_fake\building_synthetic_juggernaut_xl_v9_small-countryside-church-with-stone-walls_171784436.jpg,1,1,0.9902,0.9999,1.0000,0.9992,1.0000,1.0000,0.9418,,,,,,
data/test/meta_classifier_train_data/known_test\0_real\lhq_1637.png,0,0,0.0011,0.0000,0.0000,0.0000,0.0008,0.0000,0.0057,,,,,,
data/test/meta_classifier_train_data/known_test\0_real\architecture_288.jpg,0,0,0.0000,0.0000,0.0001,0.0000,0.0000,0.0000,0.0000,,,,,,
data/test/meta_classifier_train_data/known_test\1_fake\landscape_manipulated_stable_diffusion_15_imag2img_autumn-scene-with-colorful-trees_561277052.jpg,1,1,0.9968,0.9985,1.0000,0.9999,0.9999,1.0000,0.9825,,,,,,
data/test/meta_classifier_train_data/known_test\1_fake\landscape_synthetic_juggernaut_xl_v9_desert-dunes-under-clear-blue-sky-detailed-sand-textures_980908798.jpg,1,1,0.9992,1.0000,0.9994,0.9976,0.9980,1.0000,1.0000,,,,,,
data/test/meta_classifier_train_data/known_test\1_fake\building_synthetic_juggernaut_xl_v9_traditional-Japanese-wooden-house-garden-with-lanterns_255046108.jpg,1,1,0.9997,0.9999,1.0000,0.9989,1.0000,1.0000,0.9997,,,,,,
data/test/meta_classifier_train_data/known_test\0_real\celeba_524.jpg,0,0,0.0001,0.0000,0.0001,0.0000,0.0001,0.0000,0.0001,,,,,,
data/test/meta_classifier_train_data/known_test\0_real\celeba_999.jpg,0,0,0.0002,0.0001,0.0008,0.0000,0.0001,0.0000,0.0000,,,,,,
data/test/meta_classifier_train_data/known_test\1_fake\building_synthetic_dreamlike_photoreal_20_traditional-Chinese-pagoda-surrounded-by-trees_269108476.jpg,1,1,0.9996,1.0000,1.0000,1.0000,1.0000,1.0000,0.9979,,,,,,
data/test/meta_classifier_train_data/known_test\0_real\lhq_309.png,0,0,0.0000,0.0000,0.0001,0.0000,0.0001,0.0000,0.0000,,,,,,
data/test/meta_classifier_train_data/known_test\0_real\architecture_1776.jpg,0,0,0.0039,0.0000,0.0012,0.0000,0.0000,0.0002,0.0221,,,,,,
data/test/meta_classifier_train_data/known_test\0_real\architecture_428.jpg,0,0,0.0005,0.0000,0.0003,0.0000,0.0000,0.0027,0.0001,,,,,,
data/test/meta_classifier_train_data/known_test\1_fake\landscape_manipulated_stable_diffusion_2_inpainting_add-picnic-table_806839655.jpg,1,1,0.9052,0.9999,0.7572,0.7080,0.9769,0.9892,0.9998,,,,,,
data/test/meta_classifier_train_data/known_test\0_real\lhq_1309.png,0,0,0.0001,0.0000,0.0001,0.0000,0.0000,0.0000,0.0004,,,,,,
data/test/meta_classifier_train_data/known_test\1_fake\landscape_manipulated_stable_diffusion_inpainting_add-red-car-on-dirt-path_862674382.jpg,1,1,0.9965,0.9991,0.9999,0.9799,1.0000,1.0000,1.0000,,,,,,
data/test/meta_classifier_train_data/known_test\0_real\architecture_1418.JPG,0,0,0.1828,0.0000,0.0171,0.0006,0.0006,0.9952,0.0832,,,,,,
data/test/meta_classifier_train_data/known_test\0_real\celeba_448.jpg,0,0,0.0004,0.0000,0.0008,0.0000,0.0015,0.0000,0.0000,,,,,,
data/test/meta_classifier_train_data/known_test\1_fake\landscape_synthetic_stable_diffusion_15_rolling-vineyards-in-summer-Mediterranean-style_74041731.jpg,1,1,0.9999,1.0000,1.0000,1.0000,0.9998,0.9999,0.9997,,,,,,
data/test/meta_classifier_train_data/known_test\1_fake\human_manipulated_stable_diffusion_2_inpainting_add-headset-on-ears_309048028.jpg,1,1,0.9984,0.9999,1.0000,0.9908,1.0000,1.0000,0.9999,,,,,,
data/test/meta_classifier_train_data/known_test\1_fake\human_manipulated_stable_diffusion_15_imag2img_indoor-portrait-with-white-wall-background_377458517.jpg,1,1,0.9342,0.9965,1.0000,0.9965,0.6182,0.9981,0.9962,,,,,,
data/test/meta_classifier_train_data/known_test\1_fake\building_manipulated_stable_diffusion_inpainting_add-car-parked-in-front_555845817.jpg,1,1,0.7223,0.9012,0.4944,0.0054,0.9947,0.9550,0.9833,,,,,,
data/test/meta_classifier_train_data/known_test\0_real\faceforensics_690.jpg,0,0,0.0219,0.0003,0.0850,0.0000,0.0008,0.0449,0.0002,,,,,,
data/test/meta_classifier_train_data/known_test\1_fake\building_manipulated_stable_diffusion_15_imag2img_building-with-overexposed-light_505672756.jpg,1,1,0.9972,0.9980,1.0000,0.9851,1.0000,0.9999,1.0000,,,,,,
data/test/meta_classifier_train_data/known_test\1_fake\landscape_manipulated_stable_diffusion_inpainting_add-red-car-on-dirt-path_96427805.jpg,1,1,0.9982,0.9997,1.0000,0.9916,0.9999,0.9991,0.9986,,,,,,
data/test/meta_classifier_train_data/known_test\0_real\architecture_26.jpg,0,0,0.0001,0.0000,0.0005,0.0000,0.0000,0.0000,0.0000,,,,,,
data/test/meta_classifier_train_data/known_test\0_real\lhq_242.png,0,0,0.0764,0.0000,0.0057,0.4176,0.0060,0.0037,0.0256,,,,,,
data/test/meta_classifier_train_data/known_test\0_real\faceforensics_98.jpg,0,0,0.0017,0.0003,0.0031,0.0054,0.0005,0.0000,0.0011,,,,,,
data/test/meta_classifier_train_data/known_test\1_fake\building_synthetic_dreamlike_photoreal_20_old-European-train-station-with-glass-roof_891246047.jpg,1,1,0.9972,0.9999,0.9860,0.9989,0.9995,1.0000,0.9989,,,,,,
data/test/meta_classifier_train_data/known_test\0_real\faceforensics_866.jpg,0,0,0.2861,0.0318,0.2970,0.0693,0.6449,0.6080,0.0657,,,,,,
data/test/meta_classifier_train_data/known_test\1_fake\building_manipulated_stable_diffusion_15_imag2img_train-station-facade-at-dusk_558010934.jpg,1,1,0.9002,0.9949,1.0000,0.4320,0.9761,0.9984,0.9995,,,,,,
data/test/meta_classifier_train_data/known_test\1_fake\human_manipulated_stable_diffusion_15_imag2img_portrait-under-cloudy-daylight_395430793.jpg,1,1,0.9988,0.9991,1.0000,1.0000,0.9968,0.9967,1.0000,,,,,,
data/test/meta_classifier_train_data/known_test\0_real\architecture_2071.jpg,0,0,0.0008,0.0000,0.0045,0.0000,0.0000,0.0003,0.0000,,,,,,
data/test/meta_classifier_train_data/known_test\1_fake\human_synthetic_juggernaut_xl_v9_portrait-of-an-elderly-Black-man-with-gray-beard-warm-indoor_122210618.jpg,1,1,1.0000,1.0000,1.0000,1.0000,1.0000,1.0000,1.0000,,,,,,
data/test/meta_classifier_train_data/known_test\0_real\faceforensics_884.jpg,0,0,0.0697,0.0336,0.0518,0.2306,0.0108,0.0787,0.0127,,,,,,
data/test/meta_classifier_train_data/known_test\1_fake\building_synthetic_juggernaut_xl_v9_traditional-Chinese-pagoda-surrounded-by-trees_193763674.jpg,1,1,0.9379,0.9998,0.6666,0.9987,0.9623,1.0000,0.9999,,,,,,
data/test/meta_classifier_train_data/known_test\0_real\celeba_743.jpg,0,0,0.0001,0.0001,0.0001,0.0000,0.0002,0.0000,0.0000,,,,,,
data/test/meta_classifier_train_data/known_test\1_fake\human_manipulated_stable_diffusion_inpainting_add-mole-on-face_969863749.jpg,1,1,0.8984,0.9998,1.0000,0.3917,1.0000,0.9994,0.9996,,,,,,
data/test/meta_classifier_train_data/known_test\0_real\architecture_649.jpg,0,0,0.0000,0.0000,0.0000,0.0000,0.0000,0.0000,0.0000,,,,,,
data/test/meta_classifier_train_data/known_test\0_real\faceforensics_852.jpg,0,0,0.0266,0.0035,0.0083,0.0005,0.0098,0.0620,0.0755,,,,,,
data/test/meta_classifier_train_data/known_test\1_fake\landscape_manipulated_stable_diffusion_inpainting_add-tractor-on-field_310982801.jpg,1,1,0.9986,1.0000,1.0000,0.9919,1.0000,1.0000,1.0000,,,,,,
data/test/meta_classifier_train_data/known_test\1_fake\building_manipulated_stable_diffusion_inpainting_add-railing-on-stairs_974477733.jpg,1,1,0.9101,0.9944,1.0000,0.5180,0.9934,0.9991,0.9557,,,,,,
data/test/meta_classifier_train_data/known_test\0_real\architecture_1554.jpg,0,0,0.0056,0.0003,0.0168,0.0000,0.0001,0.0053,0.0112,,,,,,
data/test/meta_classifier_train_data/known_test\0_real\architecture_171.jpg,0,0,0.0017,0.0000,0.0007,0.0000,0.0097,0.0000,0.0000,,,,,,
data/test/meta_classifier_train_data/known_test\1_fake\landscape_synthetic_stable_diffusion_15_vast-tundra-under-cloudy-sky-lonely-feeling_751044797.jpg,1,1,0.9779,0.9943,1.0000,0.9917,1.0000,1.0000,0.8817,,,,,,
data/test/meta_classifier_train_data/known_test\1_fake\building_synthetic_juggernaut_xl_v9_minimalist-concrete-building-clean-lines-overcast-sky_251258750.jpg,1,1,0.9985,0.9997,0.9958,0.9992,0.9997,1.0000,0.9965,,,,,,
data/test/meta_classifier_train_data/known_test\0_real\architecture_1766.jpg,0,0,0.0000,0.0000,0.0001,0.0000,0.0000,0.0000,0.0001,,,,,,
data/test/meta_classifier_train_data/known_test\0_real\celeba_949.jpg,0,0,0.0034,0.0001,0.0059,0.0010,0.0113,0.0022,0.0002,,,,,,
data/test/meta_classifier_train_data/known_test\1_fake\landscape_synthetic_dreamlike_photoreal_20_lush-jungle-waterfall-spray-in-the-air_866747348.jpg,1,1,0.9994,0.9997,1.0000,0.9986,1.0000,1.0000,0.9981,,,,,,
data/test/meta_classifier_train_data/known_test\1_fake\building_synthetic_dreamlike_photoreal_20_old-European-cathedral-with-gothic-details-daylight_812224655.jpg,1,1,0.9996,0.9998,0.9999,1.0000,0.9980,1.0000,1.0000,,,,,,
data/test/meta_classifier_train_data/known_test\1_fake\landscape_synthetic_juggernaut_xl_v9_desert-plateau-with-cacti-midday-sun_231009562.jpg,1,1,0.9994,1.0000,0.9993,1.0000,1.0000,1.0000,0.9972,,,,,,
data/test/meta_classifier_train_data/known_test\1_fake\landscape_synthetic_dreamlike_photoreal_20_grassland-with-grazing-animals-cloudy-sky_976783825.jpg,1,1,0.9998,1.0000,0.9994,0.9998,1.0000,1.0000,0.9997,,,,,,
data/test/meta_classifier_train_data/known_test\1_fake\building_synthetic_stable_diffusion_15_old-industrial-warehouse-with-brick-walls_321455483.jpg,1,1,0.9999,0.9999,1.0000,0.9999,1.0000,0.9998,1.0000,,,,,,
data/test/meta_classifier_train_data/known_test\0_real\lhq_1078.png,0,1,0.9493,0.9776,1.0000,0.7973,1.0000,0.9719,0.9488,,,,,,
data/test/meta_classifier_train_data/known_test\0_real\celeba_454.jpg,0,0,0.0011,0.0001,0.0051,0.0000,0.0006,0.0000,0.0008,,,,,,
data/test/meta_classifier_train_data/known_test\0_real\architecture_1642.JPG,0,0,0.4385,0.0001,0.1249,0.0137,0.7066,0.9651,0.8207,,,,,,
data/test/meta_classifier_train_data/known_test\1_fake\human_2_manipulated_stable_diffusion_2_inpainting_add-eyeglasses_765359330.jpg,1,1,0.8777,0.9990,0.9965,0.6426,0.9999,0.6577,0.9705,,,,,,
data/test/meta_classifier_train_data/known_test\1_fake\human_synthetic_dreamlike_photoreal_20_professional-headshot-of-a-South-Asian-man-with-glasses-neut_259154085.jpg,1,1,0.9999,1.0000,1.0000,0.9995,1.0000,1.0000,1.0000,,,,,,
data/test/meta_classifier_train_data/known_test\1_fake\building_manipulated_stable_diffusion_15_imag2img_brick-building-in-golden-hour_239699131.jpg,1,1,0.7894,0.9797,0.7537,0.2798,1.0000,0.7315,0.9916,,,,,,
data/test/meta_classifier_train_data/known_test\1_fake\landscape_synthetic_stable_diffusion_15_coastal-cliffs-with-crashing-waves-overcast-weather_806528434.jpg,1,1,0.9970,0.9923,1.0000,0.9933,0.9991,0.9976,0.9997,,,,,,
data/test/meta_classifier_train_data/known_test\0_real\architecture_1694.JPG,0,1,0.8607,0.9624,0.9472,0.3138,0.9943,0.9929,0.9534,,,,,,
data/test/meta_classifier_train_data/known_test\1_fake\human_synthetic_stable_diffusion_15_portrait-of-a-middle-aged-Hispanic-man-short-hair-warm-tone-_245938495.jpg,1,1,1.0000,1.0000,1.0000,0.9998,1.0000,1.0000,1.0000,,,,,,
data/test/meta_classifier_train_data/known_test\1_fake\human_manipulated_stable_diffusion_2_inpainting_add-subtle-makeup-on-lips_874429056.jpg,1,1,0.9972,0.9990,0.9951,0.9957,0.9942,0.9997,0.9992,,,,,,
data/test/meta_classifier_train_data/known_test\1_fake\landscape_synthetic_dreamlike_photoreal_20_northern-lights-over-snowy-forest-night-sky-full-of-stars_655070776.jpg,1,1,0.9994,0.9999,1.0000,0.9996,0.9999,1.0000,0.9968,,,,,,
data/test/meta_classifier_train_data/known_test\1_fake\landscape_synthetic_stable_diffusion_15_rolling-vineyards-in-summer-Mediterranean-style_572030855.jpg,1,1,0.9928,1.0000,0.9977,0.9999,1.0000,0.9591,1.0000,,,,,,
data/test/meta_classifier_train_data/known_test\1_fake\building_synthetic_dreamlike_photoreal_20_modern-glass-skyscraper-in-city-center-photographed-at-dusk_829517023.jpg,1,1,0.9998,1.0000,1.0000,0.9995,0.9994,1.0000,0.9999,,,,,,
data/test/meta_classifier_train_data/known_test\1_fake\landscape_manipulated_stable_diffusion_inpainting_add-airplane-in-sky_144225975.jpg,1,1,0.6157,0.9692,0.9910,0.0113,0.9219,0.3524,0.4485,,,,,,
data/test/meta_classifier_train_data/known_test\0_real\lhq_1907.png,0,0,0.0000,0.0000,0.0001,0.0000,0.0000,0.0000,0.0000,,,,,,
data/test/meta_classifier_train_data/known_test\1_fake\building_synthetic_juggernaut_xl_v9_mosque-with-detailed-minarets-photographed-at-sunset_891617661.jpg,1,1,0.9994,0.9998,0.9995,0.9989,1.0000,1.0000,0.9982,,,,,,
data/test/meta_classifier_train_data/known_test\1_fake\landscape_manipulated_stable_diffusion_2_inpainting_add-person-silhouette-in-distance_336412085.jpg,1,1,0.9019,0.9995,0.8404,0.9775,0.6102,0.9961,0.9874,,,,,,
data/test/meta_classifier_train_data/known_test\0_real\lhq_1143.png,0,0,0.0633,0.0047,0.0084,0.0000,0.3654,0.0015,0.0000,,,,,,
data/test/meta_classifier_train_data/known_test\0_real\celeba_787.jpg,0,0,0.0003,0.0001,0.0007,0.0000,0.0008,0.0000,0.0000,,,,,,
data/test/meta_classifier_train_data/known_test\1_fake\landscape_manipulated_stable_diffusion_2_inpainting_add-sheep-on-meadow_602348108.jpg,1,1,0.9687,0.9908,0.9999,0.9995,1.0000,0.8228,0.9992,,,,,,
data/test/meta_classifier_train_data/known_test\1_fake\human_synthetic_juggernaut_xl_v9_photo-of-a-middle-aged-man-with-a-beard-wearing-a-suit-outdo_605306364.jpg,1,1,0.9987,1.0000,1.0000,0.9922,1.0000,0.9998,1.0000,,,,,,
data/test/meta_classifier_train_data/known_test\1_fake\building_synthetic_dreamlike_photoreal_20_mosque-with-detailed-minarets-photographed-at-sunset_534366140.jpg,1,1,0.9998,1.0000,0.9996,1.0000,0.9991,1.0000,1.0000,,,,,,
data/test/meta_classifier_train_data/known_test\1_fake\landscape_manipulated_stable_diffusion_inpainting_add-small-barn_923894849.jpg,1,1,1.0000,1.0000,1.0000,1.0000,1.0000,1.0000,1.0000,,,,,,
data/test/meta_classifier_train_data/known_test\1_fake\building_synthetic_juggernaut_xl_v9_small-countryside-church-with-stone-walls_911251732.jpg,1,1,0.9998,0.9993,1.0000,1.0000,1.0000,1.0000,0.9996,,,,,,
data/test/meta_classifier_train_data/known_test\1_fake\landscape_synthetic_dreamlike_photoreal_20_alpine-mountain-landscape-at-sunrise-snow-peaks-glowing_863538120.jpg,1,1,0.9999,0.9999,0.9994,1.0000,1.0000,1.0000,1.0000,,,,,,
data/test/meta_classifier_train_data/known_test\1_fake\landscape_manipulated_stable_diffusion_15_imag2img_meadow-with-flowers-sunny_712272036.jpg,1,1,0.9568,0.9992,1.0000,0.9531,0.8721,0.9531,0.9632,,,,,,
data/test/meta_classifier_train_data/known_test\0_real\architecture_465.jpg,0,0,0.0550,0.0000,0.0102,0.0000,0.0057,0.1310,0.1830,,,,,,
data/test/meta_classifier_train_data/known_test\0_real\lhq_214.png,0,0,0.0025,0.0002,0.0000,0.0149,0.0000,0.0000,0.0000,,,,,,
data/test/meta_classifier_train_data/known_test\0_real\celeba_269.jpg,0,0,0.0018,0.0001,0.0031,0.0001,0.0066,0.0003,0.0007,,,,,,
data/test/meta_classifier_train_data/known_test\0_real\architecture_83.jpg,0,0,0.0569,0.0015,0.0828,0.0000,0.0051,0.0647,0.1871,,,,,,
data/test/meta_classifier_train_data/known_test\1_fake\building_synthetic_stable_diffusion_15_skyscraper-construction-site-with-cranes_239362342.jpg,1,1,0.9994,0.9999,0.9999,0.9999,1.0000,1.0000,0.9966,,,,,,
data/test/meta_classifier_train_data/known_test\1_fake\landscape_manipulated_stable_diffusion_15_imag2img_cloudy-mountain-view_361081824.jpg,1,1,0.9828,0.9982,1.0000,0.9170,1.0000,0.9999,0.9816,,,,,,
data/test/meta_classifier_train_data/known_test\1_fake\human_synthetic_stable_diffusion_15_photo-of-a-young-boy-with-curly-hair-smiling-outdoors-in-the_239670712.jpg,1,1,1.0000,1.0000,1.0000,0.9999,1.0000,1.0000,1.0000,,,,,,
data/test/meta_classifier_train_data/known_test\0_real\architecture_444.jpg,0,0,0.3730,0.0008,0.0464,0.6721,0.4212,0.9958,0.1016,,,,,,
data/test/meta_classifier_train_data/known_test\0_real\lhq_1531.png,0,0,0.0008,0.0000,0.0000,0.0001,0.0048,0.0000,0.0000,,,,,,
data/test/meta_classifier_train_data/known_test\0_real\architecture_296.JPG,0,0,0.0432,0.0000,0.0005,0.0000,0.0009,0.2449,0.0130,,,,,,
data/test/meta_classifier_train_data/known_test\1_fake\human_synthetic_juggernaut_xl_v9_photo-of-an-elderly-East-Asian-woman-with-wrinkles-natural-d_348717184.jpg,1,1,1.0000,1.0000,1.0000,1.0000,1.0000,1.0000,1.0000,,,,,,
data/test/meta_classifier_train_data/known_test\1_fake\human_synthetic_juggernaut_xl_v9_photo-of-a-teenage-girl-in-casual-clothing-standing-on-a-cit_599924860.jpg,1,1,1.0000,0.9999,1.0000,1.0000,0.9999,0.9999,1.0000,,,,,,
data/test/meta_classifier_train_data/known_test\1_fake\human_synthetic_dreamlike_photoreal_20_photo-of-an-elderly-East-Asian-woman-with-wrinkles-natural-d_128370928.jpg,1,1,1.0000,1.0000,1.0000,1.0000,1.0000,1.0000,1.0000,,,,,,
data/test/meta_classifier_train_data/known_test\0_real\lhq_782.png,0,0,0.0002,0.0000,0.0001,0.0000,0.0013,0.0000,0.0000,,,,,,
data/test/meta_classifier_train_data/known_test\1_fake\building_manipulated_stable_diffusion_15_imag2img_small-house-with-garden-in-daylight_499352183.jpg,1,1,0.9625,0.9979,0.9695,0.8123,0.9974,0.9999,0.9977,,,,,,
data/test/meta_classifier_train_data/known_test\1_fake\landscape_manipulated_stable_diffusion_2_inpainting_add-flock-of-birds_399017273.jpg,1,1,0.9999,0.9997,1.0000,1.0000,0.9997,1.0000,1.0000,,,,,,
data/test/meta_classifier_train_data/known_test\1_fake\landscape_manipulated_stable_diffusion_15_imag2img_meadow-with-flowers-sunny_183086167.jpg,1,1,0.9998,0.9993,1.0000,1.0000,1.0000,1.0000,0.9996,,,,,,
data/test/meta_classifier_train_data/known_test\1_fake\building_synthetic_juggernaut_xl_v9_colorful-colonial-houses-in-Latin-America_72541522.jpg,1,1,0.9994,0.9999,1.0000,1.0000,0.9991,1.0000,0.9972,,,,,,
data/test/meta_classifier_train_data/known_test\0_real\faceforensics_333.jpg,0,0,0.3667,0.5833,0.0032,0.0264,0.3257,0.2643,0.9974,,,,,,
data/test/meta_classifier_train_data/known_test\1_fake\human_synthetic_dreamlike_photoreal_20_portrait-of-a-middle-aged-woman-with-short-hair-workplace-se_438460432.jpg,1,1,0.9996,1.0000,1.0000,1.0000,0.9978,1.0000,1.0000,,,,,,
data/test/meta_classifier_train_data/known_test\0_real\faceforensics_223.jpg,0,0,0.0834,0.0005,0.4976,0.0018,0.0001,0.0003,0.0001,,,,,,
data/test/meta_classifier_train_data/known_test\0_real\lhq_1791.png,0,0,0.0177,0.0000,0.0002,0.0244,0.0720,0.0023,0.0072,,,,,,
data/test/meta_classifier_train_data/known_test\0_real\faceforensics_408.jpg,0,0,0.1910,0.0013,0.1678,0.7957,0.1301,0.0095,0.0413,,,,,,
data/test/meta_classifier_train_data/known_test\0_real\lhq_1741.png,0,0,0.1005,0.0000,0.0038,0.0029,0.0013,0.4457,0.1493,,,,,,
data/test/meta_classifier_train_data/known_test\1_fake\landscape_synthetic_stable_diffusion_15_sunset-over-rice-terraces-Southeast-Asia_817364174.jpg,1,1,1.0000,0.9999,1.0000,1.0000,1.0000,1.0000,1.0000,,,,,,
data/test/meta_classifier_train_data/known_test\0_real\lhq_1439.png,0,0,0.2857,0.0035,0.0054,0.0001,0.8566,0.0000,0.8485,,,,,,
data/test/meta_classifier_train_data/known_test\1_fake\building_synthetic_stable_diffusion_15_old-industrial-warehouse-with-brick-walls_144193988.jpg,1,1,0.9885,0.9987,0.9947,0.9989,0.9994,0.9548,0.9846,,,,,,
data/test/meta_classifier_train_data/known_test\0_real\celeba_442.jpg,0,0,0.0004,0.0001,0.0020,0.0001,0.0001,0.0000,0.0001,,,,,,
data/test/meta_classifier_train_data/known_test\0_real\lhq_637.png,0,0,0.0000,0.0000,0.0000,0.0000,0.0000,0.0000,0.0001,,,,,,
data/test/meta_classifier_train_data/known_test\1_fake\landscape_synthetic_stable_diffusion_15_frozen-lake-with-snow-covered-pine-trees_446434188.jpg,1,1,0.9699,0.9995,1.0000,0.9397,0.9994,0.9304,0.9507,,,,,,
data/test/meta_classifier_train_data/known_test\1_fake\human_synthetic_juggernaut_xl_v9_portrait-of-an-elderly-Black-man-with-gray-beard-warm-indoor_810614026.jpg,1,1,0.9999,1.0000,1.0000,1.0000,0.9993,1.0000,0.9999,,,,,,
data/test/meta_classifier_train_data/known_test\1_fake\building_synthetic_dreamlike_photoreal_20_modern-museum-building-with-geometric-shapes_677703981.jpg,1,1,0.9961,0.9997,1.0000,0.9774,0.9997,0.9997,1.0000,,,,,,
data/test/meta_classifier_train_data/known_test\1_fake\building_manipulated_stable_diffusion_2_inpainting_add-traffic-sign_621269690.jpg,1,1,0.5319,0.9953,0.5146,0.0020,0.8733,0.1653,0.6408,,,,,,
data/test/meta_classifier_train_data/known_test\1_fake\building_manipulated_stable_diffusion_inpainting_add-open-window_901371869.jpg,1,1,0.8766,0.9947,0.9997,0.3140,1.0000,0.9914,0.9596,,,,,,
data/test/meta_classifier_train_data/known_test\1_fake\human_synthetic_stable_diffusion_15_photo-of-a-man-in-his-30s-with-a-beard-winter-jacket-snowy-b_247083813.jpg,1,1,1.0000,1.0000,1.0000,1.0000,1.0000,1.0000,1.0000,,,,,,
data/test/meta_classifier_train_data/known_test\0_real\architecture_107.JPG,0,0,0.0002,0.0000,0.0002,0.0000,0.0000,0.0000,0.0011,,,,,,
data/test/meta_classifier_train_data/known_test\0_real\lhq_1773.png,0,1,0.8537,0.9979,0.9999,0.3762,0.9725,0.9815,0.7944,,,,,,
data/test/meta_classifier_train_data/known_test\0_real\architecture_185.jpg,0,0,0.0029,0.0000,0.0000,0.0049,0.0000,0.0126,0.0000,,,,,,
data/test/meta_classifier_train_data/known_test\1_fake\human_2_manipulated_stable_diffusion_2_inpainting_add-headscarf_113182100.jpg,1,1,0.6372,0.9971,0.8279,0.0051,0.9731,0.9919,0.0280,,,,,,
data/test/meta_classifier_train_data/known_test\1_fake\human_2_manipulated_stable_diffusion_2_inpainting_add-sunglasses_987511742.jpg,1,0,0.2580,0.2938,0.5596,0.0287,0.3419,0.0720,0.2519,,,,,,
data/test/meta_classifier_train_data/known_test\1_fake\human_synthetic_stable_diffusion_15_photo-of-a-teenage-girl-in-casual-clothing-standing-on-a-cit_310727956.jpg,1,1,0.9999,0.9996,1.0000,1.0000,0.9999,1.0000,0.9999,,,,,,
data/test/meta_classifier_train_data/known_test\1_fake\landscape_manipulated_stable_diffusion_inpainting_add-dog-near-path_86894676.jpg,1,1,0.9997,0.9998,1.0000,0.9988,0.9999,1.0000,0.9998,,,,,,
data/test/meta_classifier_train_data/known_test\0_real\lhq_750.png,0,1,0.7911,0.6703,0.9806,0.7908,0.3718,0.9652,0.9680,,,,,,
data/test/meta_classifier_train_data/known_test\0_real\lhq_951.png,0,0,0.0008,0.0000,0.0000,0.0001,0.0043,0.0000,0.0005,,,,,,
data/test/meta_classifier_train_data/known_test\0_real\architecture_942.jpg,0,0,0.2460,0.2638,0.4687,0.0009,0.4221,0.2566,0.0638,,,,,,
data/test/meta_classifier_train_data/known_test\1_fake\human_2_manipulated_stable_diffusion_inpainting_add-hoodie-hood-on-head_268056615.jpg,1,1,0.5698,0.9863,1.0000,0.0245,0.3961,0.0707,0.9411,,,,,,
data/test/meta_classifier_train_data/known_test\1_fake\building_manipulated_stable_diffusion_2_inpainting_add-fire-hydrant_751595346.jpg,1,1,0.9006,0.9999,1.0000,0.9545,0.9999,1.0000,0.4494,,,,,,
data/test/meta_classifier_train_data/known_test\1_fake\building_synthetic_dreamlike_photoreal_20_futuristic-office-tower-with-curved-glass-blue-sky_345505800.jpg,1,1,0.9991,1.0000,0.9966,0.9984,0.9999,1.0000,0.9995,,,,,,
data/test/meta_classifier_train_data/known_test\1_fake\building_synthetic_dreamlike_photoreal_20_colorful-houses-along-a-canal-daytime_293587745.jpg,1,1,0.9998,1.0000,0.9996,1.0000,0.9996,1.0000,0.9996,,,,,,
data/test/meta_classifier_train_data/known_test\1_fake\human_synthetic_stable_diffusion_15_photo-of-a-middle-aged-man-with-shaved-head-gym-background_334702823.jpg,1,1,0.9961,0.9999,1.0000,0.9770,0.9998,1.0000,1.0000,,,,,,
data/test/meta_classifier_train_data/known_test\1_fake\landscape_manipulated_stable_diffusion_inpainting_add-dog-near-path_110977390.jpg,1,1,0.9394,0.9948,0.9783,0.9706,0.9455,0.8878,0.8593,,,,,,
data/test/meta_classifier_train_data/known_test\0_real\architecture_1806.jpg,0,0,0.2327,0.0000,0.2099,0.0000,0.0188,0.8962,0.2713,,,,,,
data/test/meta_classifier_train_data/known_test\1_fake\landscape_manipulated_stable_diffusion_inpainting_add-fox-in-forest_525016112.jpg,1,1,0.7559,0.9998,0.9781,0.9666,0.4968,0.0943,0.9999,,,,,,
data/test/meta_classifier_train_data/known_test\1_fake\landscape_synthetic_dreamlike_photoreal_20_panoramic-coastline-with-fishing-boats-sunrise_116198605.jpg,1,1,0.8788,0.9999,0.8793,1.0000,0.9824,0.4754,0.9358,,,,,,
data/test/meta_classifier_train_data/known_test\1_fake\building_synthetic_dreamlike_photoreal_20_old-European-cathedral-with-gothic-details-daylight_671527525.jpg,1,1,0.9950,0.9999,0.9995,0.9850,0.9968,1.0000,0.9888,,,,,,
data/test/meta_classifier_train_data/known_test\0_real\lhq_524.png,0,0,0.0289,0.0000,0.0152,0.0000,0.0078,0.0002,0.1500,,,,,,
data/test/meta_classifier_train_data/known_test\1_fake\landscape_synthetic_dreamlike_photoreal_20_rolling-green-hills-in-spring-wildflowers-in-bloom_891010114.jpg,1,1,0.9808,0.9994,1.0000,0.9974,0.9183,1.0000,0.9698,,,,,,
data/test/meta_classifier_train_data/known_test\0_real\architecture_1952.jpg,0,0,0.0001,0.0000,0.0004,0.0000,0.0004,0.0000,0.0000,,,,,,
data/test/meta_classifier_train_data/known_test\1_fake\building_synthetic_stable_diffusion_15_old-industrial-warehouse-with-brick-walls_292431671.jpg,1,1,0.9925,0.9997,1.0000,0.9971,0.9984,0.9723,0.9873,,,,,,
data/test/meta_classifier_train_data/known_test\0_real\architecture_1041.jpg,0,0,0.0000,0.0000,0.0000,0.0000,0.0000,0.0000,0.0000,,,,,,
data/test/meta_classifier_train_data/known_test\1_fake\human_synthetic_dreamlike_photoreal_20_portrait-of-a-teenage-boy-with-acne-school-hallway-backgroun_654586205.jpg,1,1,0.9997,1.0000,0.9999,0.9996,0.9999,0.9985,1.0000,,,,,,
data/test/meta_classifier_train_data/known_test\1_fake\landscape_synthetic_dreamlike_photoreal_20_autumn-forest-with-colorful-leaves-path-covered-in-foliage_106323671.jpg,1,1,0.9962,0.9998,0.9994,1.0000,0.9878,1.0000,0.9899,,,,,,
data/test/meta_classifier_train_data/known_test\1_fake\human_synthetic_dreamlike_photoreal_20_portrait-of-a-teenage-boy-with-acne-school-hallway-backgroun_319280491.jpg,1,1,0.9998,0.9999,0.9996,0.9999,0.9994,1.0000,0.9998,,,,,,
data/test/meta_classifier_train_data/known_test\0_real\lhq_1013.png,0,0,0.0024,0.0000,0.0000,0.0000,0.0000,0.0025,0.0121,,,,,,
data/test/meta_classifier_train_data/known_test\0_real\architecture_426.jpg,0,0,0.0000,0.0000,0.0002,0.0000,0.0000,0.0000,0.0000,,,,,,
data/test/meta_classifier_train_data/known_test\1_fake\human_2_manipulated_stable_diffusion_2_inpainting_add-scar-on-forehead_901625823.jpg,1,1,0.8436,0.9987,0.9992,0.1518,0.9315,0.9917,0.9887,,,,,,
data/test/meta_classifier_train_data/known_test\1_fake\landscape_manipulated_stable_diffusion_2_inpainting_add-electricity-pole_264115902.jpg,1,1,0.9825,0.9969,0.9999,0.9973,0.9362,0.9997,0.9652,,,,,,
data/test/meta_classifier_train_data/known_test\1_fake\building_synthetic_dreamlike_photoreal_20_mosque-with-detailed-minarets-photographed-at-sunset_654436821.jpg,1,1,0.9516,0.9995,0.9063,0.9997,0.9998,0.8122,0.9923,,,,,,
data/test/meta_classifier_train_data/known_test\1_fake\building_synthetic_stable_diffusion_15_modern-museum-building-with-geometric-shapes_54544900.jpg,1,1,0.7046,0.9993,1.0000,0.4644,0.6085,0.1725,0.9831,,,,,,
data/test/meta_classifier_train_data/known_test\0_real\lhq_1859.png,0,0,0.0130,0.0000,0.0726,0.0002,0.0003,0.0048,0.0003,,,,,,
data/test/meta_classifier_train_data/known_test\0_real\architecture_1201.jpg,0,0,0.0003,0.0000,0.0002,0.0000,0.0000,0.0000,0.0014,,,,,,
data/test/meta_classifier_train_data/known_test\0_real\faceforensics_388.jpg,0,0,0.1419,0.0434,0.6436,0.0014,0.0459,0.0418,0.0755,,,,,,
data/test/meta_classifier_train_data/known_test\1_fake\building_manipulated_stable_diffusion_2_inpainting_add-ivy-on-facade_569876656.jpg,1,1,0.7714,0.9994,0.9951,0.1581,0.9297,0.5640,0.9820,,,,,,
data/test/meta_classifier_train_data/known_test\1_fake\building_manipulated_stable_diffusion_inpainting_add-car-parked-in-front_451501134.jpg,1,1,0.8294,0.9995,0.9788,0.1915,0.9724,0.9942,0.8403,,,,,,
data/test/meta_classifier_train_data/known_test\1_fake\landscape_synthetic_juggernaut_xl_v9_tropical-beach-with-palm-trees-turquoise-water_325155442.jpg,1,1,0.9985,1.0000,0.9988,0.9988,0.9999,0.9942,0.9994,,,,,,
data/test/meta_classifier_train_data/known_test\0_real\celeba_774.jpg,0,0,0.0009,0.0001,0.0014,0.0000,0.0036,0.0000,0.0000,,,,,,
data/test/meta_classifier_train_data/known_test\1_fake\human_synthetic_stable_diffusion_15_portrait-of-a-young-Indigenous-woman-in-traditional-clothing_74316371.jpg,1,1,1.0000,1.0000,1.0000,1.0000,1.0000,1.0000,0.9997,,,,,,
data/test/meta_classifier_train_data/known_test\0_real\architecture_792.JPG,0,0,0.1277,0.0000,0.0144,0.0018,0.0000,0.0000,0.7500,,,,,,
data/test/meta_classifier_train_data/known_test\1_fake\human_manipulated_stable_diffusion_15_imag2img_portrait-at-dusk-natural-backlight_147241458.jpg,1,1,0.9998,0.9996,1.0000,0.9996,1.0000,0.9995,1.0000,,,,,,
data/test/meta_classifier_train_data/known_test\0_real\lhq_1236.png,0,0,0.1290,0.0000,0.0002,0.2735,0.0112,0.0039,0.4850,,,,,,
data/test/meta_classifier_train_data/known_test\1_fake\human_synthetic_dreamlike_photoreal_20_photo-of-a-middle-aged-man-with-shaved-head-gym-background_133523721.jpg,1,1,0.9619,1.0000,1.0000,1.0000,1.0000,0.7716,0.9999,,,,,,
data/test/meta_classifier_train_data/known_test\1_fake\building_synthetic_juggernaut_xl_v9_ancient-Roman-amphitheater-ruins_686624944.jpg,1,1,0.9997,1.0000,1.0000,0.9992,0.9990,1.0000,1.0000,,,,,,
data/test/meta_classifier_train_data/known_test\0_real\architecture_1577.jpg,0,0,0.0179,0.0000,0.0005,0.0000,0.0000,0.0000,0.1071,,,,,,
data/test/meta_classifier_train_data/known_test\0_real\celeba_698.jpg,0,0,0.0064,0.0001,0.0003,0.0000,0.0377,0.0000,0.0001,,,,,,
data/test/meta_classifier_train_data/known_test\1_fake\building_manipulated_stable_diffusion_15_imag2img_train-station-facade-at-dusk_454595340.jpg,1,1,0.9734,0.9821,0.9669,0.9277,0.9913,0.9979,0.9745,,,,,,
data/test/meta_classifier_train_data/known_test\0_real\architecture_226.jpg,0,0,0.0001,0.0000,0.0000,0.0000,0.0002,0.0001,0.0000,,,,,,
data/test/meta_classifier_train_data/known_test\0_real\celeba_507.jpg,0,0,0.0005,0.0001,0.0004,0.0000,0.0010,0.0015,0.0000,,,,,,
data/test/meta_classifier_train_data/known_test\1_fake\human_manipulated_stable_diffusion_15_imag2img_portrait-illuminated-by-laptop-screen_359722167.jpg,1,1,0.9820,0.9969,1.0000,0.9375,0.9784,0.9826,0.9967,,,,,,
data/test/meta_classifier_train_data/known_test\0_real\architecture_874.jpg,0,0,0.0327,0.0849,0.0001,0.0032,0.0353,0.0059,0.0669,,,,,,
data/test/meta_classifier_train_data/known_test\0_real\architecture_1234.jpg,0,0,0.0076,0.0000,0.0019,0.0003,0.0291,0.0019,0.0124,,,,,,
data/test/meta_classifier_train_data/known_test\0_real\faceforensics_625.jpg,0,0,0.0338,0.0252,0.0857,0.0834,0.0078,0.0004,0.0000,,,,,,
data/test/meta_classifier_train_data/known_test\0_real\lhq_439.png,0,0,0.0108,0.0171,0.0101,0.0010,0.0000,0.0002,0.0365,,,,,,
data/test/meta_classifier_train_data/known_test\0_real\lhq_2015.png,0,0,0.0020,0.0000,0.0000,0.0004,0.0001,0.0000,0.0114,,,,,,
data/test/meta_classifier_train_data/known_test\1_fake\building_manipulated_stable_diffusion_2_inpainting_add-railing-on-stairs_866951270.jpg,1,0,0.2157,0.1769,0.8827,0.0069,0.0450,0.0003,0.1827,,,,,,
data/test/meta_classifier_train_data/known_test\0_real\celeba_397.jpg,0,0,0.0004,0.0000,0.0003,0.0001,0.0018,0.0000,0.0000,,,,,,
data/test/meta_classifier_train_data/known_test\1_fake\building_synthetic_dreamlike_photoreal_20_modern-glass-skyscraper-in-city-center-photographed-at-dusk_201415221.jpg,1,1,0.8559,0.9881,0.9994,0.9998,0.9994,1.0000,0.1489,,,,,,
data/test/meta_classifier_train_data/known_test\1_fake\building_manipulated_stable_diffusion_15_imag2img_facade-under-bright-noon-sun_568473596.jpg,1,1,0.9994,0.9999,0.9981,0.9988,1.0000,0.9999,0.9999,,,,,,
data/test/meta_classifier_train_data/known_test\1_fake\landscape_manipulated_stable_diffusion_inpainting_add-hay-bales_453099743.jpg,1,1,0.9993,0.9999,1.0000,0.9972,0.9998,1.0000,0.9987,,,,,,
data/test/meta_classifier_train_data/known_test\1_fake\building_manipulated_stable_diffusion_inpainting_add-fire-hydrant_171597259.jpg,1,1,0.9764,0.9990,0.9999,0.8600,1.0000,1.0000,0.9998,,,,,,
data/test/meta_classifier_train_data/known_test\1_fake\landscape_manipulated_stable_diffusion_15_imag2img_autumn-scene-with-colorful-trees_307012828.jpg,1,1,0.9997,0.9999,1.0000,0.9999,0.9999,0.9994,0.9990,,,,,,
data/test/meta_classifier_train_data/known_test\1_fake\landscape_synthetic_dreamlike_photoreal_20_river-winding-through-canyon-aerial-perspective_873008989.jpg,1,1,0.9961,0.9999,1.0000,0.9767,1.0000,1.0000,0.9997,,,,,,
data/test/meta_classifier_train_data/known_test\0_real\lhq_636.png,0,0,0.0000,0.0000,0.0000,0.0001,0.0000,0.0000,0.0000,,,,,,
data/test/meta_classifier_train_data/known_test\0_real\architecture_1483.JPG,0,0,0.0032,0.0000,0.0003,0.0000,0.0000,0.0181,0.0006,,,,,,
data/test/meta_classifier_train_data/known_test\1_fake\landscape_manipulated_stable_diffusion_2_inpainting_add-bench-near-path_389555303.jpg,1,1,0.9991,0.9993,1.0000,0.9996,0.9958,1.0000,1.0000,,,,,,
data/test/meta_classifier_train_data/known_test\1_fake\building_synthetic_stable_diffusion_15_desert-adobe-houses-warm-sunset-light_511947771.jpg,1,1,0.9945,0.9999,0.9998,0.9948,0.9724,1.0000,1.0000,,,,,,
data/test/meta_classifier_train_data/known_test\1_fake\human_synthetic_dreamlike_photoreal_20_photo-of-a-middle-aged-man-with-a-beard-wearing-a-suit-outdo_266493009.jpg,1,1,1.0000,1.0000,1.0000,1.0000,0.9999,1.0000,1.0000,,,,,,
data/test/meta_classifier_train_data/known_test\0_real\architecture_239.jpg,0,0,0.0007,0.0000,0.0019,0.0000,0.0000,0.0026,0.0000,,,,,,
data/test/meta_classifier_train_data/known_test\0_real\architecture_731.jpg,0,0,0.0005,0.0000,0.0000,0.0000,0.0000,0.0019,0.0011,,,,,,
data/test/meta_classifier_train_data/known_test\1_fake\landscape_manipulated_stable_diffusion_inpainting_add-electricity-pole_612625051.jpg,1,1,0.9855,0.9997,1.0000,0.9857,0.9276,1.0000,1.0000,,,,,,
data/test/meta_classifier_train_data/known_test\0_real\faceforensics_380.jpg,0,0,0.2490,0.0428,0.0402,0.0414,0.2115,0.5803,0.5776,,,,,,
data/test/meta_classifier_train_data/known_test\0_real\celeba_578.jpg,0,0,0.0134,0.0001,0.0023,0.0000,0.0774,0.0001,0.0004,,,,,,
data/test/meta_classifier_train_data/known_test\1_fake\landscape_synthetic_juggernaut_xl_v9_desert-oasis-with-palm-trees-and-water-pool_954553133.jpg,1,1,0.9963,1.0000,0.9995,0.9980,1.0000,0.9801,1.0000,,,,,,
data/test/meta_classifier_train_data/known_test\0_real\lhq_1876.png,0,0,0.0054,0.0004,0.0196,0.0001,0.0002,0.0000,0.0123,,,,,,
data/test/meta_classifier_train_data/known_test\1_fake\landscape_manipulated_stable_diffusion_2_inpainting_add-wind-turbine_472261484.jpg,1,1,0.9993,0.9996,1.0000,0.9981,1.0000,1.0000,0.9980,,,,,,
data/test/meta_classifier_train_data/known_test\0_real\architecture_479.jpg,0,0,0.2029,0.0885,0.3423,0.0010,0.0007,0.7750,0.0101,,,,,,
data/test/meta_classifier_train_data/known_test\1_fake\building_synthetic_dreamlike_photoreal_20_old-industrial-warehouse-with-brick-walls_284566045.jpg,1,1,0.9996,0.9994,1.0000,0.9983,0.9999,0.9999,1.0000,,,,,,
data/test/meta_classifier_train_data/known_test\1_fake\human_synthetic_dreamlike_photoreal_20_portrait-of-a-middle-aged-Hispanic-man-short-hair-warm-tone-_387493097.jpg,1,1,1.0000,1.0000,1.0000,1.0000,1.0000,1.0000,1.0000,,,,,,
data/test/meta_classifier_train_data/known_test\1_fake\building_synthetic_stable_diffusion_15_ancient-Roman-amphitheater-ruins_468213198.jpg,1,1,0.9940,0.9999,1.0000,0.9647,1.0000,0.9999,0.9997,,,,,,
data/test/meta_classifier_train_data/known_test\0_real\celeba_197.jpg,0,0,0.1637,0.0006,0.0469,0.9134,0.0041,0.0006,0.0168,,,,,,
data/test/meta_classifier_train_data/known_test\0_real\lhq_1711.png,0,0,0.0002,0.0000,0.0005,0.0001,0.0000,0.0000,0.0002,,,,,,
data/test/meta_classifier_train_data/known_test\0_real\lhq_1715.png,0,0,0.4352,0.2953,0.0047,0.5152,0.8839,0.2146,0.6978,,,,,,
data/test/meta_classifier_train_data/known_test\0_real\celeba_15.jpg,0,0,0.0183,0.0001,0.0007,0.0000,0.1088,0.0000,0.0000,,,,,,
data/test/meta_classifier_train_data/known_test\0_real\architecture_396.jpg,0,0,0.0143,0.0000,0.0004,0.0048,0.0016,0.0000,0.0791,,,,,,
data/test/meta_classifier_train_data/known_test\0_real\faceforensics_713.jpg,0,0,0.2829,0.0425,0.2797,0.8065,0.4980,0.0573,0.0132,,,,,,
data/test/meta_classifier_train_data/known_test\0_real\celeba_899.jpg,0,0,0.0025,0.0002,0.0018,0.0000,0.0002,0.0127,0.0000,,,,,,
data/test/meta_classifier_train_data/known_test\0_real\architecture_541.jpg,0,0,0.0031,0.0033,0.0012,0.0000,0.0141,0.0001,0.0001,,,,,,
data/test/meta_classifier_train_data/known_test\1_fake\landscape_manipulated_stable_diffusion_inpainting_add-road-sign_769465944.jpg,1,1,0.9959,0.9994,1.0000,0.9764,0.9998,0.9995,1.0000,,,,,,
data/test/meta_classifier_train_data/known_test\1_fake\human_synthetic_dreamlike_photoreal_20_portrait-of-a-young-Black-woman-with-braids-golden-hour-ligh_57562305.jpg,1,1,1.0000,1.0000,0.9999,1.0000,1.0000,1.0000,0.9999,,,,,,
data/test/meta_classifier_train_data/known_test\1_fake\landscape_synthetic_juggernaut_xl_v9_dense-rainforest-with-mist-sunlight-filtering-through-trees_398320111.jpg,1,1,0.9998,0.9998,1.0000,1.0000,0.9993,0.9997,1.0000,,,,,,
data/test/meta_classifier_train_data/known_test\0_real\lhq_195.png,0,0,0.2520,0.4924,0.0001,0.4661,0.1218,0.1873,0.2446,,,,,,
data/test/meta_classifier_train_data/known_test\0_real\celeba_313.jpg,0,0,0.0017,0.0001,0.0019,0.0027,0.0037,0.0019,0.0000,,,,,,
data/test/meta_classifier_train_data/known_test\0_real\architecture_1326.JPG,0,0,0.0017,0.0000,0.0004,0.0000,0.0000,0.0078,0.0020,,,,,,
data/test/meta_classifier_train_data/known_test\1_fake\human_synthetic_juggernaut_xl_v9_professional-headshot-of-a-South-Asian-man-with-glasses-neut_274361984.jpg,1,1,0.9997,1.0000,1.0000,0.9983,1.0000,1.0000,1.0000,,,,,,
data/test/meta_classifier_train_data/known_test\0_real\lhq_1994.png,0,0,0.1622,0.0000,0.0008,0.9491,0.0001,0.0114,0.0118,,,,,,
data/test/meta_classifier_train_data/known_test\0_real\lhq_831.png,0,0,0.0040,0.0000,0.0000,0.0000,0.0237,0.0000,0.0004,,,,,,
data/test/meta_classifier_train_data/known_test\0_real\celeba_920.jpg,0,0,0.0003,0.0000,0.0011,0.0000,0.0005,0.0000,0.0000,,,,,,
data/test/meta_classifier_train_data/known_test\0_real\lhq_1821.png,0,0,0.0000,0.0000,0.0000,0.0000,0.0001,0.0000,0.0000,,,,,,
data/test/meta_classifier_train_data/known_test\1_fake\human_synthetic_stable_diffusion_15_close-up-of-a-young-child-with-face-paint-festival-backgroun_255555532.jpg,1,1,1.0000,0.9999,1.0000,1.0000,1.0000,1.0000,1.0000,,,,,,
data/test/meta_classifier_train_data/known_test\1_fake\landscape_manipulated_stable_diffusion_inpainting_add-tent-in-field_950044724.jpg,1,1,0.9989,0.9999,1.0000,0.9986,0.9995,1.0000,0.9954,,,,,,
data/test/meta_classifier_train_data/known_test\1_fake\human_2_manipulated_stable_diffusion_2_inpainting_add-wireless-headphones_717850307.jpg,1,1,0.6600,0.9978,0.9935,0.1484,0.8814,0.3111,0.6279,,,,,,
data/test/meta_classifier_train_data/known_test\0_real\lhq_84.png,0,0,0.0009,0.0000,0.0039,0.0000,0.0013,0.0000,0.0000,,,,,,
data/test/meta_classifier_train_data/known_test\1_fake\human_synthetic_stable_diffusion_15_professional-headshot-of-a-South-Asian-man-with-glasses-neut_206468300.jpg,1,1,1.0000,1.0000,1.0000,1.0000,1.0000,1.0000,0.9998,,,,,,
data/test/meta_classifier_train_data/known_test\0_real\architecture_673.jpg,0,0,0.1821,0.0000,0.0024,0.0000,0.0015,0.9784,0.1104,,,,,,
data/test/meta_classifier_train_data/known_test\0_real\architecture_769.jpg,0,0,0.0009,0.0000,0.0049,0.0000,0.0002,0.0000,0.0000,,,,,,
data/test/meta_classifier_train_data/known_test\1_fake\landscape_synthetic_dreamlike_photoreal_20_mountain-valley-with-river-summer-daylight_569681066.jpg,1,1,0.9994,0.9996,1.0000,0.9976,0.9997,0.9999,0.9999,,,,,,
data/test/meta_classifier_train_data/known_test\0_real\architecture_93.JPG,0,0,0.0077,0.0000,0.0002,0.0000,0.0073,0.0000,0.0389,,,,,,
data/test/meta_classifier_train_data/known_test\1_fake\landscape_synthetic_dreamlike_photoreal_20_vast-tundra-under-cloudy-sky-lonely-feeling_644685430.jpg,1,1,0.9965,0.9998,0.9977,0.9994,0.9996,0.9998,0.9828,,,,,,
data/test/meta_classifier_train_data/known_test\0_real\faceforensics_704.jpg,0,0,0.0346,0.0001,0.0007,0.1757,0.0020,0.0291,0.0000,,,,,,
data/test/meta_classifier_train_data/known_test\1_fake\human_synthetic_dreamlike_photoreal_20_photo-of-an-elderly-couple-holding-hands-in-a-park_992041934.jpg,1,1,0.9997,1.0000,0.9992,0.9996,1.0000,1.0000,0.9995,,,,,,
data/test/meta_classifier_train_data/known_test\0_real\architecture_905.JPG,0,0,0.0002,0.0000,0.0000,0.0000,0.0000,0.0000,0.0013,,,,,,
data/test/meta_classifier_train_data/known_test\1_fake\landscape_synthetic_stable_diffusion_15_panoramic-view-of-a-glacier-icy-textures_716806129.jpg,1,1,0.9993,0.9994,0.9994,0.9998,0.9997,0.9974,1.0000,,,,,,
data/test/meta_classifier_train_data/known_test\0_real\lhq_74.png,0,0,0.0000,0.0000,0.0000,0.0000,0.0001,0.0000,0.0000,,,,,,
data/test/meta_classifier_train_data/known_test\0_real\lhq_83.png,0,0,0.0111,0.0000,0.0009,0.0000,0.0000,0.0000,0.0658,,,,,,
data/test/meta_classifier_train_data/known_test\0_real\lhq_301.png,0,0,0.0000,0.0000,0.0000,0.0000,0.0000,0.0000,0.0000,,,,,,
data/test/meta_classifier_train_data/known_test\1_fake\human_synthetic_stable_diffusion_15_photo-of-a-man-in-his-30s-with-a-beard-winter-jacket-snowy-b_33729407.jpg,1,1,0.9999,0.9999,1.0000,0.9995,1.0000,1.0000,1.0000,,,,,,
data/test/meta_classifier_train_data/known_test\0_real\lhq_649.png,0,0,0.0000,0.0000,0.0000,0.0001,0.0000,0.0000,0.0000,,,,,,
data/test/meta_classifier_train_data/known_test\0_real\lhq_1792.png,0,0,0.0333,0.0015,0.0000,0.0000,0.0417,0.0153,0.1413,,,,,,
data/test/meta_classifier_train_data/known_test\1_fake\landscape_manipulated_stable_diffusion_2_inpainting_add-flock-of-birds_863053561.jpg,1,1,0.9886,0.9996,0.9999,0.9857,0.9874,0.9594,0.9999,,,,,,
data/test/meta_classifier_train_data/known_test\0_real\celeba_709.jpg,0,0,0.0037,0.0001,0.0043,0.0000,0.0178,0.0001,0.0000,,,,,,
data/test/meta_classifier_train_data/known_test\0_real\celeba_497.jpg,0,0,0.0008,0.0001,0.0005,0.0000,0.0041,0.0000,0.0000,,,,,,
data/test/meta_classifier_train_data/known_test\0_real\celeba_513.jpg,0,0,0.0069,0.0001,0.0127,0.0026,0.0085,0.0043,0.0131,,,,,,
data/test/meta_classifier_train_data/known_test\1_fake\building_synthetic_juggernaut_xl_v9_old-European-train-station-with-glass-roof_925714197.jpg,1,1,0.9999,0.9999,0.9999,1.0000,0.9998,1.0000,0.9997,,,,,,
data/test/meta_classifier_train_data/known_test\1_fake\human_2_manipulated_stable_diffusion_2_inpainting_add-wireless-headphones_578658816.jpg,1,1,0.8234,0.9978,1.0000,0.9873,0.9643,0.9266,0.0643,,,,,,
data/test/meta_classifier_train_data/known_test\0_real\faceforensics_600.jpg,0,0,0.0017,0.0005,0.0035,0.0002,0.0025,0.0038,0.0000,,,,,,
