img,label,p_human,p_landscape,p_building,p_edges,p_frequency,p_grayscale,w_human,w_landscape,w_building,w_edges,w_frequency,w_grayscale
data/test/known_test\0_real\architecture_1351.jpg,0,0.9138,0.0221,0.3191,0.3895,0.0001,0.0006,0.0,0.0,1.0,0.2644,0.2497,0.4859
data/test/known_test\0_real\architecture_1750.JPG,0,0.9107,0.9999,0.0004,0.1894,0.001,0.0707,0.0,0.1704,0.8296,0.2554,0.4907,0.2539
data/test/known_test\0_real\celeba_720.jpg,0,0.0007,0.9925,0.996,0.0001,0.6994,0.0,1.0,0.0,0.0,0.3124,0.2387,0.4489
data/test/known_test\0_real\celeba_172.jpg,0,0.0002,0.9971,0.9847,0.0001,0.0044,0.0,1.0,0.0,0.0,0.3302,0.2545,0.4154
data/test/known_test\0_real\celeba_583.jpg,0,0.0005,1.0,0.9934,0.0,0.3013,0.0,1.0,0.0,0.0,0.3859,0.3209,0.2933
data/test/known_test\0_real\architecture_1444.JPG,0,0.7181,0.1371,0.0,0.0596,0.0054,0.0003,0.0,0.0,1.0,0.2823,0.3192,0.3985
data/test/known_test\0_real\lhq_1587.png,0,0.797,0.0,0.3567,0.0965,0.0,0.0979,0.0,0.8653,0.1347,0.2607,0.3026,0.4367
data/test/known_test\0_real\faceforensics_73.jpg,0,0.012,1.0,0.9875,0.0004,0.0029,0.0002,0.9998,0.0,0.0002,0.2577,0.2131,0.5293
data/test/known_test\0_real\lhq_994.png,0,0.9935,0.0011,0.4742,0.0008,0.0001,0.9999,0.0298,0.5513,0.4189,0.2739,0.2929,0.4332
data/test/known_test\1_fake\landscape_manipulated_stable_diffusion_2_inpainting_add-flock-of-birds_863053561.jpg,1,0.9025,0.9866,0.9994,0.9999,0.9997,0.9489,0.0,0.9728,0.0272,0.2823,0.2768,0.441
data/test/known_test\1_fake\human_synthetic_stable_diffusion_15_photo-of-a-man-in-his-30s-with-a-beard-winter-jacket-snowy-b_33729407.jpg,1,0.9997,0.9968,0.9952,0.9997,1.0,1.0,0.0192,0.2508,0.7301,0.299,0.1944,0.5066
data/test/known_test\1_fake\building_synthetic_dreamlike_photoreal_20_old-industrial-warehouse-with-brick-walls_284566045.jpg,1,0.9852,0.8082,1.0,1.0,0.9975,1.0,0.0,0.0119,0.9881,0.3672,0.3501,0.2827
data/test/known_test\1_fake\human_synthetic_stable_diffusion_15_portrait-of-a-young-Indigenous-woman-in-traditional-clothing_91969691.jpg,1,0.9999,0.9983,0.9862,1.0,1.0,1.0,0.5229,0.0006,0.4765,0.3238,0.2157,0.4605
data/test/known_test\0_real\architecture_460.jpg,0,0.6782,0.1075,0.0,0.6977,0.0006,0.0002,0.0,0.0,1.0,0.3337,0.4377,0.2287
data/test/known_test\1_fake\human_2_manipulated_stable_diffusion_inpainting_add-bluetooth-earpiece_462114583.jpg,1,0.9998,1.0,0.9966,0.9999,0.9812,1.0,1.0,0.0,0.0,0.4224,0.2857,0.2919
data/test/known_test\0_real\lhq_750.png,0,0.8789,0.0391,0.6522,0.0457,0.2326,0.2158,0.0,0.9985,0.0015,0.1945,0.4585,0.347
data/test/known_test\1_fake\landscape_synthetic_juggernaut_xl_v9_lush-jungle-waterfall-spray-in-the-air_590404559.jpg,1,0.9446,0.9906,0.9996,1.0,0.9997,0.9981,0.0,1.0,0.0,0.3805,0.3398,0.2797
data/test/known_test\0_real\lhq_242.png,0,0.8295,0.0006,0.9258,0.3794,0.0002,0.0034,0.0,0.9867,0.0133,0.3053,0.4709,0.2238
data/test/known_test\1_fake\human_synthetic_juggernaut_xl_v9_professional-headshot-of-a-South-Asian-man-with-glasses-neut_274361984.jpg,1,0.9996,0.9836,0.9375,1.0,0.9992,1.0,1.0,0.0,0.0,0.3324,0.3168,0.3507
data/test/known_test\0_real\architecture_541.jpg,0,0.8874,0.1729,0.0033,0.0024,0.1072,0.0001,0.0,0.3992,0.6008,0.2955,0.6059,0.0986
data/test/known_test\1_fake\building_manipulated_stable_diffusion_2_inpainting_add-fire-hydrant_751595346.jpg,1,0.9935,0.9998,0.9986,0.8867,0.5977,1.0,0.0,0.0012,0.9988,0.3914,0.3769,0.2317
data/test/known_test\1_fake\building_manipulated_stable_diffusion_15_imag2img_building-with-neon-signs_551323129.jpg,1,0.8745,0.9196,0.999,0.99,0.999,0.9949,0.0,0.0,1.0,0.3294,0.296,0.3746
data/test/known_test\0_real\architecture_509.jpg,0,0.8573,0.0829,0.0,0.03,0.0001,0.0003,0.0,0.0001,0.9999,0.3396,0.4226,0.2378
data/test/known_test\0_real\celeba_17.jpg,0,0.0017,0.9896,0.9812,0.0001,0.1004,0.0,0.9157,0.0412,0.0431,0.3314,0.2966,0.372
data/test/known_test\0_real\lhq_1994.png,0,0.9803,0.0015,0.9991,0.0002,0.0003,0.8972,0.0,0.9999,0.0001,0.2336,0.4844,0.282
data/test/known_test\0_real\faceforensics_318.jpg,0,0.0057,0.997,0.9942,0.0,0.0041,0.0003,0.9998,0.0002,0.0,0.4481,0.3316,0.2204
data/test/known_test\0_real\celeba_397.jpg,0,0.0002,0.995,0.9877,0.0002,0.0465,0.0,1.0,0.0,0.0,0.2855,0.2621,0.4524
data/test/known_test\0_real\lhq_989.png,0,0.8507,0.0,0.7173,0.0,0.0013,0.0011,0.0009,0.9982,0.0009,0.3193,0.3925,0.2882
data/test/known_test\1_fake\human_2_manipulated_stable_diffusion_15_imag2img_portrait-with-subtle-film-grain-effect_414331134.jpg,1,0.1701,0.9998,0.9996,0.2626,0.3076,0.991,1.0,0.0,0.0,0.2916,0.2897,0.4187
data/test/known_test\1_fake\landscape_manipulated_stable_diffusion_15_imag2img_autumn-scene-with-colorful-trees_719679948.jpg,1,0.8191,0.8649,0.9977,0.9799,0.9991,0.894,0.0,1.0,0.0,0.2609,0.4295,0.3095
data/test/known_test\1_fake\human_synthetic_stable_diffusion_15_close-up-of-a-young-child-with-face-paint-festival-backgroun_255555532.jpg,1,0.9992,1.0,0.9949,1.0,1.0,1.0,0.2167,0.251,0.5324,0.3274,0.2865,0.3861
data/test/known_test\1_fake\landscape_synthetic_juggernaut_xl_v9_dense-rainforest-with-mist-sunlight-filtering-through-trees_398320111.jpg,1,0.9763,0.9992,0.9997,1.0,0.9996,0.9993,0.0,0.9982,0.0018,0.3203,0.3384,0.3414
data/test/known_test\1_fake\landscape_manipulated_stable_diffusion_inpainting_add-deer-in-forest_142382589.jpg,1,0.9803,0.9964,0.9788,1.0,0.9204,0.9982,0.0,1.0,0.0,0.2766,0.4169,0.3065
data/test/known_test\1_fake\human_manipulated_stable_diffusion_2_inpainting_add-eyeglasses_873728354.jpg,1,0.9997,0.9955,0.9808,0.9993,0.9999,1.0,1.0,0.0,0.0,0.2679,0.1348,0.5973
data/test/known_test\0_real\lhq_1586.png,0,0.7239,0.0034,0.9972,0.0001,0.0,0.0005,0.0,1.0,0.0,0.2555,0.4001,0.3445
data/test/known_test\0_real\architecture_171.jpg,0,0.9117,0.002,0.0045,0.0005,0.041,0.1784,0.0,0.0,1.0,0.2733,0.4327,0.2939
data/test/known_test\0_real\celeba_453.jpg,0,0.0004,0.9534,0.9644,0.0,0.0006,0.0,1.0,0.0,0.0,0.299,0.2873,0.4137
data/test/known_test\1_fake\building_synthetic_juggernaut_xl_v9_Greek-island-whitewashed-buildings-with-blue-roofs_972657074.jpg,1,0.9496,0.9842,1.0,1.0,0.9992,1.0,0.0269,0.293,0.6801,0.3251,0.2557,0.4192
data/test/known_test\1_fake\building_synthetic_dreamlike_photoreal_20_colorful-houses-along-a-canal-daytime_261704065.jpg,1,0.938,0.9754,1.0,1.0,0.9981,1.0,0.0,0.0047,0.9953,0.3901,0.2865,0.3234
data/test/known_test\0_real\celeba_513.jpg,0,0.0011,0.9993,0.9958,0.0001,0.0749,0.0,0.9998,0.0002,0.0,0.4885,0.3845,0.127
data/test/known_test\0_real\faceforensics_600.jpg,0,0.0231,0.9999,0.9851,0.0,0.0026,0.0006,1.0,0.0,0.0,0.3617,0.3682,0.2701
data/test/known_test\0_real\faceforensics_508.jpg,0,0.0124,0.9761,0.9311,0.0085,0.0001,0.0036,1.0,0.0,0.0,0.3131,0.291,0.3959
data/test/known_test\1_fake\human_manipulated_stable_diffusion_2_inpainting_add-freckles-on-cheeks_84051323.jpg,1,0.9958,0.9908,0.9975,0.9975,0.9967,0.9999,1.0,0.0,0.0,0.3079,0.1593,0.5327
data/test/known_test\1_fake\landscape_manipulated_stable_diffusion_inpainting_add-hay-bales_453099743.jpg,1,0.8931,0.9578,0.9983,1.0,0.9999,0.9823,0.0,0.9942,0.0058,0.3176,0.3221,0.3602
data/test/known_test\1_fake\human_2_manipulated_stable_diffusion_inpainting_add-mole-on-face_376984618.jpg,1,0.9993,1.0,0.9944,1.0,1.0,0.9999,0.9999,0.0,0.0,0.2573,0.2257,0.5169
data/test/known_test\0_real\architecture_315.JPG,0,0.9908,0.6681,0.0312,0.0655,0.0002,0.0356,0.0,0.0,1.0,0.4251,0.3387,0.2362
data/test/known_test\1_fake\building_synthetic_juggernaut_xl_v9_ancient-Roman-amphitheater-ruins_686624944.jpg,1,0.7981,0.7977,0.9996,1.0,0.9998,1.0,0.0003,0.3092,0.6904,0.3667,0.3627,0.2707
data/test/known_test\1_fake\human_manipulated_stable_diffusion_inpainting_add-headset-on-ears_778058057.jpg,1,0.9991,0.9955,0.9637,0.9996,0.9999,1.0,1.0,0.0,0.0,0.2925,0.1523,0.5552
data/test/known_test\1_fake\human_synthetic_dreamlike_photoreal_20_portrait-of-a-middle-aged-Hispanic-man-short-hair-warm-tone-_192673893.jpg,1,0.9999,0.7991,0.9872,1.0,0.9983,1.0,1.0,0.0,0.0,0.3219,0.3469,0.3312
data/test/known_test\1_fake\building_synthetic_juggernaut_xl_v9_colorful-colonial-houses-in-Latin-America_72541522.jpg,1,0.9707,0.5957,1.0,1.0,0.8162,1.0,0.0,0.0103,0.9896,0.3201,0.2975,0.3823
data/test/known_test\0_real\architecture_581.jpg,0,0.8072,0.0152,0.0007,0.6067,0.0014,0.9577,0.0,0.0,1.0,0.2778,0.315,0.4072
data/test/known_test\1_fake\landscape_manipulated_stable_diffusion_15_imag2img_river-in-foggy-morning_549309977.jpg,1,0.9625,0.6819,0.9939,0.9274,0.991,0.993,0.0007,0.9481,0.0513,0.3971,0.5045,0.0983
data/test/known_test\0_real\celeba_707.jpg,0,0.0004,0.9932,0.9916,0.0091,0.0572,0.0,1.0,0.0,0.0,0.3115,0.201,0.4875
data/test/known_test\0_real\celeba_313.jpg,0,0.0004,0.9995,0.9865,0.0,0.0074,0.0,1.0,0.0,0.0,0.343,0.3897,0.2674
data/test/known_test\1_fake\building_manipulated_stable_diffusion_15_imag2img_train-station-facade-at-dusk_558010934.jpg,1,0.9388,0.9943,0.9912,0.979,0.5155,0.9941,0.0,0.0,1.0,0.2625,0.3354,0.4021
data/test/known_test\0_real\architecture_241.jpg,0,0.8,0.1865,0.0001,0.0256,0.0001,0.7252,0.0,0.0024,0.9976,0.3112,0.42,0.2688
data/test/known_test\0_real\lhq_2015.png,0,0.7572,0.0136,0.9963,0.0,0.0002,0.0005,0.0,0.9999,0.0001,0.3046,0.534,0.1614
data/test/known_test\1_fake\landscape_synthetic_stable_diffusion_15_desert-plateau-with-cacti-midday-sun_122824733.jpg,1,0.9518,1.0,1.0,0.9992,1.0,1.0,0.0052,0.571,0.4238,0.3956,0.3119,0.2925
data/test/known_test\1_fake\landscape_manipulated_stable_diffusion_15_imag2img_spring-scene-with-green-leaves_764369270.jpg,1,0.9903,0.9999,0.9994,0.8679,0.9999,0.9981,0.0,1.0,0.0,0.281,0.4804,0.2386
data/test/known_test\1_fake\building_synthetic_dreamlike_photoreal_20_old-European-cathedral-with-gothic-details-daylight_671527525.jpg,1,0.9706,0.2292,0.9985,1.0,0.9971,1.0,0.0,0.0,1.0,0.3456,0.266,0.3884
data/test/known_test\0_real\faceforensics_840.jpg,0,0.022,1.0,0.9881,0.0001,0.0019,0.017,0.9906,0.0093,0.0,0.4647,0.3489,0.1864
data/test/known_test\0_real\lhq_951.png,0,0.7004,0.0003,0.9892,0.0038,0.0,0.0312,0.0,1.0,0.0,0.2606,0.4937,0.2457
data/test/known_test\1_fake\building_manipulated_stable_diffusion_15_imag2img_building-under-cloudy-sky_752398389.jpg,1,0.86,0.9977,0.9974,1.0,0.9999,0.9998,0.0,0.0,1.0,0.2651,0.3412,0.3937
data/test/known_test\0_real\architecture_792.JPG,0,0.8914,0.1707,0.0,0.1614,0.0905,0.0302,0.0,0.0,1.0,0.3221,0.4066,0.2713
data/test/known_test\1_fake\human_synthetic_stable_diffusion_15_photo-of-a-man-in-his-30s-with-a-beard-winter-jacket-snowy-b_247083813.jpg,1,0.9998,0.9862,0.9933,0.9999,1.0,1.0,0.9998,0.0001,0.0001,0.3417,0.2718,0.3865
data/test/known_test\0_real\lhq_782.png,0,0.9306,0.0277,0.9996,0.0001,0.0374,0.4436,0.0,1.0,0.0,0.3673,0.3867,0.246
data/test/known_test\0_real\faceforensics_294.jpg,0,0.0162,0.9999,0.9997,0.0178,0.0041,0.0049,1.0,0.0,0.0,0.2948,0.2431,0.4621
data/test/known_test\1_fake\landscape_manipulated_stable_diffusion_15_imag2img_desert-under-bright-sun_238642890.jpg,1,0.6768,0.9937,0.9992,1.0,0.9999,0.9831,0.0,0.9993,0.0007,0.3474,0.3412,0.3114
data/test/known_test\1_fake\human_synthetic_stable_diffusion_15_photo-of-a-middle-aged-man-with-shaved-head-gym-background_334702823.jpg,1,0.9994,0.9884,0.994,0.9992,1.0,1.0,0.7181,0.2767,0.0052,0.271,0.168,0.561
data/test/known_test\0_real\faceforensics_843.jpg,0,0.0277,0.9997,0.9969,0.0621,0.002,0.0003,0.9999,0.0,0.0001,0.3927,0.3137,0.2936
data/test/known_test\1_fake\landscape_manipulated_stable_diffusion_inpainting_add-cow-on-meadow_943935296.jpg,1,0.5624,0.9933,0.9968,0.9997,0.9998,0.9956,0.0,1.0,0.0,0.3138,0.2748,0.4113
data/test/known_test\0_real\architecture_239.jpg,0,0.8853,0.0008,0.0,0.8498,0.0011,0.0612,0.0,0.0002,0.9998,0.3505,0.4273,0.2222
data/test/known_test\1_fake\building_manipulated_stable_diffusion_inpainting_add-open-window_901371869.jpg,1,0.9464,0.9773,0.9741,0.9253,0.9944,0.9997,0.0011,0.0667,0.9322,0.492,0.2491,0.2588
data/test/known_test\0_real\architecture_329.jpg,0,0.778,0.0047,0.0,0.0034,0.0002,0.001,0.0,0.0165,0.9835,0.3308,0.4105,0.2587
data/test/known_test\1_fake\building_synthetic_dreamlike_photoreal_20_modern-museum-building-with-geometric-shapes_73466220.jpg,1,0.8554,0.9595,0.9998,0.9998,0.9943,0.9969,0.0001,0.9183,0.0815,0.3281,0.3278,0.3441
data/test/known_test\0_real\architecture_1470.JPG,0,0.8707,0.4753,0.0005,0.0112,0.0022,0.0001,0.0,0.0,1.0,0.361,0.3254,0.3135
data/test/known_test\0_real\lhq_524.png,0,0.7645,0.0912,0.9147,0.0,0.0001,0.0072,0.0,0.998,0.002,0.2785,0.4148,0.3067
data/test/known_test\0_real\lhq_553.png,0,0.9876,0.0181,0.9621,0.0122,0.0001,0.6736,0.0,1.0,0.0,0.3047,0.609,0.0862
data/test/known_test\0_real\lhq_765.png,0,0.8416,0.4314,0.8012,0.0324,0.0001,0.9978,0.0002,0.8913,0.1085,0.3238,0.3032,0.373
data/test/known_test\0_real\architecture_390.JPG,0,0.8328,0.0882,0.0113,0.5173,0.0001,0.0033,0.0,0.0,1.0,0.452,0.3024,0.2456
data/test/known_test\1_fake\building_manipulated_stable_diffusion_inpainting_add-tree-shadow-on-wall_456195627.jpg,1,0.9522,0.3913,0.9996,0.5621,0.9997,0.9999,0.0094,0.0253,0.9653,0.51,0.2893,0.2006
data/test/known_test\1_fake\landscape_synthetic_dreamlike_photoreal_20_vast-tundra-under-cloudy-sky-lonely-feeling_644685430.jpg,1,0.8609,0.9967,0.9995,0.9995,0.9814,0.9999,0.0,1.0,0.0,0.3141,0.3502,0.3357
data/test/known_test\0_real\lhq_1950.png,0,0.4698,0.0,0.9257,0.0001,0.0,0.0679,0.0,1.0,0.0,0.2703,0.4404,0.2894
data/test/known_test\0_real\lhq_1876.png,0,0.5691,0.0066,0.8141,0.0001,0.0026,0.0001,0.0,1.0,0.0,0.2547,0.5605,0.1848
data/test/known_test\0_real\celeba_920.jpg,0,0.0002,0.9998,0.9979,0.0,0.0007,0.0,1.0,0.0,0.0,0.3226,0.4465,0.2309
data/test/known_test\0_real\architecture_1406.jpg,0,0.7011,0.9575,0.992,0.0067,0.0287,0.3234,0.0007,0.0,0.9993,0.3702,0.3636,0.2662
data/test/known_test\0_real\celeba_507.jpg,0,0.0015,0.9663,0.9878,0.0,0.0008,0.0,0.9997,0.0002,0.0001,0.2817,0.2705,0.4479
data/test/known_test\0_real\architecture_1234.jpg,0,0.8508,0.0071,0.0,0.0022,0.0017,0.0109,0.0,0.0006,0.9994,0.4805,0.2764,0.2431
data/test/known_test\0_real\architecture_1041.jpg,0,0.9508,0.0014,0.0,0.1471,0.0007,0.007,0.0,0.0002,0.9998,0.3151,0.3979,0.287
data/test/known_test\1_fake\building_synthetic_juggernaut_xl_v9_traditional-Japanese-wooden-house-garden-with-lanterns_255046108.jpg,1,0.972,0.444,1.0,1.0,0.9999,1.0,0.0001,0.9075,0.0924,0.325,0.3256,0.3494
data/test/known_test\0_real\faceforensics_421.jpg,0,0.0858,1.0,0.9907,0.0204,0.0004,0.0003,0.9974,0.0015,0.0011,0.3341,0.2877,0.3782
data/test/known_test\0_real\architecture_1784.JPG,0,0.9569,0.0059,0.0,0.0543,0.0003,0.0003,0.0,0.0013,0.9986,0.4406,0.3434,0.216
data/test/known_test\1_fake\landscape_manipulated_stable_diffusion_inpainting_add-fox-in-forest_875027377.jpg,1,0.8808,0.9999,0.9214,0.9996,0.9999,0.9999,0.0,1.0,0.0,0.3821,0.3822,0.2357
data/test/known_test\1_fake\building_manipulated_stable_diffusion_15_imag2img_facade-under-bright-noon-sun_568473596.jpg,1,0.9069,0.9966,0.9999,0.1011,0.8449,1.0,0.0,0.0001,0.9999,0.3355,0.325,0.3396
data/test/known_test\1_fake\human_synthetic_stable_diffusion_15_photo-of-a-teenage-girl-in-casual-clothing-standing-on-a-cit_310727956.jpg,1,0.9998,0.9999,1.0,1.0,0.9999,1.0,0.989,0.0106,0.0004,0.3006,0.1619,0.5376
data/test/known_test\0_real\architecture_2000.JPG,0,0.9235,0.1633,0.0,0.0122,0.0006,0.026,0.0012,0.0,0.9988,0.2775,0.3166,0.4059
data/test/known_test\1_fake\building_manipulated_stable_diffusion_inpainting_add-fire-hydrant_171597259.jpg,1,0.9456,0.9937,0.9951,0.9999,0.9988,1.0,0.0,0.0,1.0,0.2978,0.2144,0.4877
data/test/known_test\1_fake\human_synthetic_dreamlike_photoreal_20_photo-of-a-toddler-with-blond-hair-sitting-on-the-grass_365830216.jpg,1,0.9999,0.9975,0.9572,1.0,0.9999,1.0,1.0,0.0,0.0,0.2863,0.3725,0.3411
data/test/known_test\0_real\lhq_136.png,0,0.7296,0.0002,0.8995,0.0,0.0009,0.0001,0.0002,0.9998,0.0,0.3549,0.4859,0.1592
data/test/known_test\1_fake\building_synthetic_dreamlike_photoreal_20_suburban-residential-street-with-family-houses_850826209.jpg,1,0.9793,0.9783,1.0,0.9994,0.9998,1.0,0.0,0.7138,0.2862,0.3445,0.3159,0.3396
data/test/known_test\1_fake\landscape_synthetic_stable_diffusion_15_panoramic-view-of-a-glacier-icy-textures_716806129.jpg,1,0.8429,0.9976,0.9999,0.9894,1.0,1.0,0.0002,0.9672,0.0326,0.3607,0.3221,0.3172
data/test/known_test\1_fake\human_synthetic_dreamlike_photoreal_20_portrait-of-a-middle-aged-woman-with-short-hair-workplace-se_438460432.jpg,1,0.9999,0.9791,0.9882,1.0,0.9864,1.0,1.0,0.0,0.0,0.2643,0.2016,0.5341
data/test/known_test\0_real\lhq_1309.png,0,0.5587,0.0001,0.9669,0.0052,0.0,0.0183,0.0,1.0,0.0,0.2282,0.3856,0.3862
data/test/known_test\1_fake\building_synthetic_juggernaut_xl_v9_old-European-train-station-with-glass-roof_925714197.jpg,1,0.9144,0.1995,1.0,1.0,0.9951,1.0,0.0008,0.1385,0.8607,0.3529,0.2539,0.3933
data/test/known_test\1_fake\human_synthetic_stable_diffusion_15_portrait-of-a-young-woman-with-glasses-in-a-library_470406377.jpg,1,0.9989,0.9999,0.9919,1.0,0.9906,1.0,0.9999,0.0001,0.0,0.3418,0.3065,0.3517
data/test/known_test\0_real\architecture_479.jpg,0,0.9229,0.0505,0.773,0.0,0.0016,0.9964,0.0,0.0,1.0,0.3591,0.3651,0.2758
data/test/known_test\1_fake\landscape_synthetic_dreamlike_photoreal_20_grassland-with-grazing-animals-cloudy-sky_976783825.jpg,1,0.8365,0.9999,0.9998,1.0,0.9998,1.0,0.0,0.9999,0.0001,0.2884,0.3547,0.3569
data/test/known_test\0_real\celeba_524.jpg,0,0.0004,0.9927,0.9942,0.0,0.0021,0.0,0.9956,0.0028,0.0016,0.2738,0.3147,0.4115
data/test/known_test\0_real\celeba_779.jpg,0,0.001,0.9977,0.9951,0.0001,0.0029,0.0,1.0,0.0,0.0,0.2637,0.2413,0.4951
data/test/known_test\0_real\architecture_769.jpg,0,0.7026,0.0889,0.0,0.0008,0.0,0.0001,0.0,0.0372,0.9628,0.4695,0.3343,0.1962
data/test/known_test\1_fake\building_manipulated_stable_diffusion_2_inpainting_add-satellite-dish_842182802.jpg,1,0.8747,0.9999,0.9997,0.9112,0.9999,0.9997,0.0002,0.0,0.9998,0.3654,0.2861,0.3484
data/test/known_test\1_fake\human_2_manipulated_stable_diffusion_2_inpainting_add-scar-on-forehead_901625823.jpg,1,0.999,0.9988,0.9936,1.0,0.9529,1.0,1.0,0.0,0.0,0.3245,0.2617,0.4138
data/test/known_test\0_real\lhq_1143.png,0,0.862,0.0157,0.9948,0.2606,0.0001,0.9185,0.6363,0.3395,0.0242,0.267,0.2941,0.4389
data/test/known_test\0_real\architecture_1642.JPG,0,0.6723,0.7583,0.0,0.3979,0.0005,0.001,0.0,0.0109,0.9891,0.3899,0.3136,0.2965
data/test/known_test\0_real\lhq_1332.png,0,0.5558,0.0424,0.9586,0.0,0.0001,0.0209,0.0,0.9978,0.0022,0.2725,0.4533,0.2742
data/test/known_test\1_fake\building_synthetic_dreamlike_photoreal_20_modern-museum-building-with-geometric-shapes_677703981.jpg,1,0.6898,0.9422,0.9999,1.0,0.9991,1.0,0.0004,0.6757,0.3239,0.3448,0.3151,0.3401
data/test/known_test\0_real\lhq_356.png,0,0.9449,0.0043,0.9964,0.0019,0.0125,0.0023,0.0003,0.9991,0.0006,0.3615,0.5294,0.1091
data/test/known_test\0_real\lhq_972.png,0,0.5709,0.0004,0.0671,0.0,0.0,0.0013,0.0,0.9999,0.0001,0.3441,0.4225,0.2334
data/test/known_test\1_fake\landscape_synthetic_juggernaut_xl_v9_volcanic-landscape-with-lava-fields-dramatic-sky_592326391.jpg,1,0.672,0.9984,0.986,1.0,0.9999,0.9999,0.0,1.0,0.0,0.3376,0.3871,0.2753
data/test/known_test\0_real\faceforensics_884.jpg,0,0.1938,1.0,0.9958,0.002,0.0019,0.03,1.0,0.0,0.0,0.3329,0.1924,0.4747
data/test/known_test\0_real\lhq_1236.png,0,0.9365,0.0744,0.9993,0.004,0.0001,0.0462,0.0,0.9662,0.0338,0.3026,0.5539,0.1435
data/test/known_test\0_real\architecture_585.jpg,0,0.5736,0.301,0.1439,0.9752,0.0002,0.9969,0.0005,0.0635,0.936,0.2478,0.3403,0.412
data/test/known_test\1_fake\landscape_manipulated_stable_diffusion_15_imag2img_waterfall-in-cloudy-weather_283602088.jpg,1,0.9204,0.9877,0.9999,1.0,1.0,0.998,0.0,0.7323,0.2677,0.3091,0.4305,0.2604
data/test/known_test\0_real\architecture_1850.JPG,0,0.7887,0.1551,0.0023,0.0241,0.0039,0.0005,0.0,0.0,1.0,0.3692,0.3146,0.3162
data/test/known_test\0_real\faceforensics_231.jpg,0,0.0501,0.9757,0.9829,0.0002,0.0039,0.0032,1.0,0.0,0.0,0.2847,0.4401,0.2752
data/test/known_test\0_real\architecture_1201.jpg,0,0.8981,0.1092,0.0,0.0003,0.0001,0.0002,0.0,0.0,1.0,0.3538,0.3384,0.3077
data/test/known_test\1_fake\landscape_manipulated_stable_diffusion_inpainting_add-road-sign_769465944.jpg,1,0.7944,0.9946,0.9977,1.0,0.9999,0.9749,0.0,0.9996,0.0004,0.356,0.4999,0.1441
data/test/known_test\1_fake\human_synthetic_dreamlike_photoreal_20_close-up-of-a-young-child-with-face-paint-festival-backgroun_681594898.jpg,1,0.9992,0.9996,0.9966,1.0,0.3938,1.0,0.9999,0.0,0.0,0.277,0.245,0.4781
data/test/known_test\1_fake\building_manipulated_stable_diffusion_inpainting_add-ivy-on-facade_363446379.jpg,1,0.974,0.9693,0.9987,0.059,0.9982,0.9999,0.0,0.0,1.0,0.4757,0.2168,0.3075
data/test/known_test\0_real\celeba_555.jpg,0,0.001,0.9759,0.9875,0.0,0.2757,0.0,1.0,0.0,0.0,0.2887,0.2914,0.42
data/test/known_test\0_real\lhq_1859.png,0,0.6237,0.0003,0.2645,0.8246,0.0049,0.106,0.0,0.942,0.058,0.2824,0.492,0.2256
data/test/known_test\0_real\architecture_445.jpg,0,0.887,0.9999,0.9225,0.8479,0.9848,0.9998,0.0,0.0,1.0,0.305,0.3135,0.3814
data/test/known_test\1_fake\human_manipulated_stable_diffusion_15_imag2img_indoor-portrait-with-white-wall-background_377458517.jpg,1,1.0,0.9812,0.9971,0.9999,0.7783,1.0,1.0,0.0,0.0,0.2705,0.1536,0.5758
data/test/known_test\0_real\faceforensics_333.jpg,0,0.1701,1.0,0.9998,0.4755,0.0011,0.006,0.9817,0.0079,0.0104,0.241,0.2897,0.4693
data/test/known_test\1_fake\human_synthetic_stable_diffusion_15_professional-headshot-of-a-South-Asian-man-with-glasses-neut_206468300.jpg,1,0.9999,0.9985,0.9979,1.0,0.9999,1.0,0.7045,0.2028,0.0927,0.3278,0.2697,0.4025
data/test/known_test\1_fake\building_synthetic_dreamlike_photoreal_20_modern-glass-skyscraper-in-city-center-photographed-at-dusk_829517023.jpg,1,0.8325,0.9484,1.0,1.0,0.9999,1.0,0.1379,0.3161,0.546,0.3445,0.3844,0.2711
data/test/known_test\1_fake\landscape_synthetic_stable_diffusion_15_frozen-lake-with-snow-covered-pine-trees_446434188.jpg,1,0.7433,0.9531,0.9981,0.9996,0.9999,0.8594,0.1492,0.6696,0.1812,0.4141,0.1967,0.3891
data/test/known_test\1_fake\building_manipulated_stable_diffusion_15_imag2img_office-tower-at-dusk_450149968.jpg,1,0.94,0.9976,0.9944,0.811,0.9978,0.8323,0.0,0.1721,0.8279,0.3352,0.4154,0.2494
data/test/known_test\0_real\celeba_697.jpg,0,0.0001,0.9923,0.9863,0.0,0.1309,0.0,1.0,0.0,0.0,0.3133,0.2618,0.4249
data/test/known_test\0_real\architecture_1292.JPG,0,0.6621,0.0266,0.0017,0.091,0.0008,0.001,0.0,0.0006,0.9994,0.2959,0.4606,0.2435
data/test/known_test\0_real\architecture_1806.jpg,0,0.8408,0.2048,0.0001,0.8163,0.0005,0.0097,0.0,0.0,1.0,0.324,0.4061,0.2699
data/test/known_test\0_real\faceforensics_950.jpg,0,0.0175,0.9956,0.9785,0.0005,0.0065,0.0,1.0,0.0,0.0,0.2622,0.1775,0.5603
data/test/known_test\1_fake\building_manipulated_stable_diffusion_15_imag2img_small-house-with-garden-in-daylight_499352183.jpg,1,0.899,0.9857,0.9998,0.959,0.2645,0.9994,0.0,0.0,1.0,0.2667,0.3312,0.402
data/test/known_test\1_fake\human_manipulated_stable_diffusion_inpainting_add-mole-on-face_969863749.jpg,1,0.9999,0.9977,0.9977,0.9996,0.962,1.0,1.0,0.0,0.0,0.3001,0.2214,0.4785
data/test/known_test\1_fake\building_manipulated_stable_diffusion_inpainting_add-railing-on-stairs_974477733.jpg,1,0.8564,0.9311,0.9984,0.9286,0.9997,0.9998,0.0,0.0,1.0,0.4073,0.2722,0.3205
data/test/known_test\1_fake\building_synthetic_dreamlike_photoreal_20_mosque-with-detailed-minarets-photographed-at-sunset_534366140.jpg,1,0.7042,0.9997,0.9999,0.9999,0.9997,1.0,0.0004,0.0264,0.9732,0.3712,0.5038,0.125
data/test/known_test\0_real\lhq_946.png,0,0.7106,0.0,0.3226,0.0848,0.0,0.0002,0.0,0.9994,0.0006,0.213,0.5348,0.2522
data/test/known_test\1_fake\human_synthetic_dreamlike_photoreal_20_photo-of-an-elderly-East-Asian-woman-with-wrinkles-natural-d_128370928.jpg,1,1.0,0.9511,0.994,1.0,0.9888,1.0,1.0,0.0,0.0,0.303,0.274,0.4229
data/test/known_test\0_real\celeba_547.jpg,0,0.0002,0.9986,0.9689,0.0024,0.0029,0.0,1.0,0.0,0.0,0.301,0.3257,0.3733
data/test/known_test\1_fake\building_synthetic_dreamlike_photoreal_20_modern-glass-skyscraper-in-city-center-photographed-at-dusk_933476227.jpg,1,0.9646,0.5615,1.0,1.0,0.9993,1.0,0.0002,0.058,0.9418,0.3724,0.3714,0.2561
data/test/known_test\0_real\faceforensics_942.jpg,0,0.0383,0.9998,0.9991,0.0004,0.0008,0.0061,0.9936,0.0058,0.0006,0.3387,0.2673,0.3941
data/test/known_test\0_real\faceforensics_850.jpg,0,0.2795,1.0,0.9976,0.0103,0.0019,0.0046,0.9994,0.0005,0.0001,0.3727,0.2925,0.3347
data/test/known_test\1_fake\building_synthetic_stable_diffusion_15_ancient-Roman-amphitheater-ruins_468213198.jpg,1,0.4313,0.9563,0.9999,0.981,1.0,1.0,0.0,0.2278,0.7722,0.3716,0.2412,0.3871
data/test/known_test\1_fake\human_synthetic_juggernaut_xl_v9_photo-of-a-diverse-group-of-five-people-posing-outdoors-wide_147709680.jpg,1,0.9999,0.998,0.9882,1.0,0.9988,0.9994,0.0,0.0028,0.9972,0.3913,0.283,0.3257
data/test/known_test\0_real\faceforensics_690.jpg,0,0.007,1.0,0.9945,0.0015,0.0006,0.0,1.0,0.0,0.0,0.2804,0.1857,0.5339
data/test/known_test\0_real\celeba_948.jpg,0,0.0004,0.9958,0.98,0.0001,0.0056,0.0,1.0,0.0,0.0,0.2802,0.3274,0.3923
data/test/known_test\0_real\faceforensics_486.jpg,0,0.0161,1.0,0.9958,0.0007,0.0078,0.2124,1.0,0.0,0.0,0.334,0.3058,0.3602
data/test/known_test\0_real\celeba_90.jpg,0,0.0002,0.995,0.9652,0.0001,0.0007,0.0,1.0,0.0,0.0,0.277,0.2201,0.5029
data/test/known_test\1_fake\landscape_synthetic_stable_diffusion_15_sunset-over-rice-terraces-Southeast-Asia_817364174.jpg,1,0.8476,1.0,1.0,0.985,1.0,1.0,0.0,0.9997,0.0003,0.3514,0.2715,0.3771
data/test/known_test\0_real\lhq_1637.png,0,0.6123,0.0,0.8277,0.0188,0.001,0.0003,0.0,1.0,0.0,0.2006,0.473,0.3264
data/test/known_test\1_fake\human_manipulated_stable_diffusion_inpainting_add-nose-piercing_944284574.jpg,1,0.9998,0.999,0.9995,0.9984,0.9952,1.0,1.0,0.0,0.0,0.2703,0.1422,0.5875
data/test/known_test\1_fake\landscape_synthetic_juggernaut_xl_v9_desert-plateau-with-cacti-midday-sun_54267348.jpg,1,0.9462,0.9962,0.9993,0.9998,0.9998,0.9906,0.0,0.9931,0.0069,0.4082,0.4165,0.1753
data/test/known_test\1_fake\human_2_manipulated_stable_diffusion_2_inpainting_add-sunglasses_987511742.jpg,1,0.98,1.0,0.9953,0.9936,0.5035,0.9854,0.9997,0.0,0.0003,0.302,0.2065,0.4915
data/test/known_test\1_fake\landscape_manipulated_stable_diffusion_15_imag2img_waterfall-in-daylight_755309459.jpg,1,0.9118,0.9925,0.9998,0.998,0.9904,0.9991,0.0,0.9998,0.0002,0.2717,0.4544,0.2739
data/test/known_test\0_real\faceforensics_740.jpg,0,0.0392,0.9992,0.9931,0.003,0.0002,0.0001,0.996,0.0026,0.0014,0.237,0.2475,0.5154
data/test/known_test\1_fake\landscape_manipulated_stable_diffusion_2_inpainting_add-small-barn_79746528.jpg,1,0.8366,0.9998,0.9987,0.9996,0.9999,0.9711,0.0,1.0,0.0,0.3838,0.4148,0.2015
data/test/known_test\1_fake\human_synthetic_stable_diffusion_15_portrait-of-a-middle-aged-Hispanic-man-short-hair-warm-tone-_245938495.jpg,1,1.0,0.9994,0.9847,1.0,0.9996,1.0,1.0,0.0,0.0,0.3046,0.3148,0.3806
data/test/known_test\0_real\celeba_863.jpg,0,0.0004,1.0,0.9879,0.0,0.0005,0.0,1.0,0.0,0.0,0.2843,0.3386,0.3771
data/test/known_test\1_fake\building_manipulated_stable_diffusion_15_imag2img_modern-glass-facade-daylight_443516367.jpg,1,0.9784,0.7467,0.5654,0.8872,0.995,0.9998,0.0,0.0003,0.9997,0.341,0.3309,0.3281
data/test/known_test\1_fake\landscape_manipulated_stable_diffusion_2_inpainting_add-sheep-on-meadow_602348108.jpg,1,0.7601,0.6478,0.9498,0.9918,0.9999,0.9973,0.0,1.0,0.0,0.2743,0.4174,0.3083
data/test/known_test\1_fake\landscape_manipulated_stable_diffusion_15_imag2img_autumn-scene-with-colorful-trees_561277052.jpg,1,0.9077,0.9979,0.9992,0.922,1.0,0.9997,0.0,1.0,0.0,0.2046,0.4262,0.3692
data/test/known_test\1_fake\building_manipulated_stable_diffusion_15_imag2img_facade-under-bright-noon-sun_107518428.jpg,1,0.8657,0.9677,0.9972,0.9969,0.0175,0.9999,0.0,0.0003,0.9997,0.3325,0.352,0.3155
data/test/known_test\1_fake\human_manipulated_stable_diffusion_2_inpainting_add-blush-on-cheeks_760189924.jpg,1,0.9999,0.9994,0.9902,0.9923,0.9999,1.0,1.0,0.0,0.0,0.3562,0.1855,0.4583
data/test/known_test\0_real\architecture_83.jpg,0,0.8492,0.2012,0.0023,0.0134,0.0058,0.0066,0.0,0.0046,0.9954,0.4076,0.3089,0.2835
data/test/known_test\1_fake\landscape_manipulated_stable_diffusion_inpainting_add-tent-in-field_950044724.jpg,1,0.7644,0.9913,0.9975,0.5352,0.9996,0.9999,0.0,0.9996,0.0004,0.3381,0.4311,0.2307
data/test/known_test\1_fake\landscape_manipulated_stable_diffusion_inpainting_add-dog-near-path_110977390.jpg,1,0.9849,0.8965,0.9009,0.1583,0.9999,0.1025,0.0,0.9998,0.0002,0.4207,0.5221,0.0573
data/test/known_test\1_fake\building_synthetic_dreamlike_photoreal_20_mosque-with-detailed-minarets-photographed-at-sunset_654436821.jpg,1,0.8662,0.9969,0.986,0.9697,0.9999,1.0,0.39,0.1151,0.4948,0.3803,0.3773,0.2424
data/test/known_test\1_fake\building_manipulated_stable_diffusion_2_inpainting_add-small-shop-sign_732492872.jpg,1,0.7918,0.9956,0.6558,0.4088,0.9994,0.8485,0.0,0.0001,0.9999,0.4104,0.3385,0.2512
data/test/known_test\0_real\lhq_1935.png,0,0.6891,0.0002,0.9505,0.0089,0.0061,0.0007,0.0,1.0,0.0,0.1968,0.4557,0.3474
data/test/known_test\1_fake\landscape_synthetic_dreamlike_photoreal_20_river-winding-through-canyon-aerial-perspective_831471932.jpg,1,0.9663,0.9997,0.9997,1.0,0.9999,1.0,0.9121,0.0238,0.0641,0.3439,0.3939,0.2622
data/test/known_test\0_real\lhq_1791.png,0,0.9777,0.0115,0.9668,0.0012,0.0002,0.9652,0.0002,0.9702,0.0296,0.3133,0.5137,0.173
data/test/known_test\0_real\faceforensics_551.jpg,0,0.2087,1.0,0.9983,0.4181,0.0021,0.2164,0.0956,0.1219,0.7825,0.3509,0.2221,0.427
data/test/known_test\1_fake\building_synthetic_stable_diffusion_15_modern-museum-building-with-geometric-shapes_681057737.jpg,1,0.9806,0.9869,1.0,0.9997,1.0,0.8475,0.0131,0.0388,0.9481,0.4694,0.2117,0.3189
data/test/known_test\1_fake\building_manipulated_stable_diffusion_2_inpainting_add-air-conditioning-unit_31742694.jpg,1,0.622,0.9939,0.9198,0.0986,0.9999,0.1989,0.0,0.0,1.0,0.3219,0.2955,0.3826
data/test/known_test\1_fake\human_synthetic_dreamlike_photoreal_20_photo-of-a-middle-aged-man-with-shaved-head-gym-background_133523721.jpg,1,0.9999,0.5008,0.9947,0.9999,0.9998,1.0,0.824,0.0021,0.1739,0.3737,0.4059,0.2204
data/test/known_test\1_fake\human_2_manipulated_stable_diffusion_15_imag2img_portrait-with-slight-vignette-effect_801820910.jpg,1,0.1357,0.9999,0.9971,0.9996,0.0217,0.9219,1.0,0.0,0.0,0.2339,0.2981,0.4681
data/test/known_test\0_real\celeba_949.jpg,0,0.0003,0.9872,0.9926,0.0004,0.6718,0.0,1.0,0.0,0.0,0.3314,0.2067,0.4619
data/test/known_test\0_real\lhq_1131.png,0,0.8653,0.0004,0.9913,0.3953,0.0,0.0022,0.0,0.9993,0.0007,0.2531,0.3566,0.3903
data/test/known_test\0_real\lhq_1560.png,0,0.6251,0.0038,0.9969,0.0043,0.0007,0.999,0.0038,0.7142,0.282,0.3729,0.543,0.0841
data/test/known_test\0_real\celeba_197.jpg,0,0.9586,0.7595,0.9965,0.0159,0.0699,0.0001,0.9996,0.0002,0.0002,0.2781,0.1645,0.5574
data/test/known_test\1_fake\landscape_manipulated_stable_diffusion_2_inpainting_add-person-silhouette-in-distance_336412085.jpg,1,0.9169,0.9999,0.999,0.9986,0.8481,0.998,0.0,1.0,0.0,0.2514,0.2777,0.4709
data/test/known_test\1_fake\landscape_synthetic_stable_diffusion_15_vast-tundra-under-cloudy-sky-lonely-feeling_275139576.jpg,1,0.9733,0.9065,0.9996,0.9994,1.0,0.9912,0.0,0.9992,0.0008,0.3398,0.418,0.2423
data/test/known_test\1_fake\building_synthetic_stable_diffusion_15_snow-covered-alpine-chalet-with-warm-lights-inside_840081099.jpg,1,0.9841,0.9989,0.9997,0.9996,0.9999,1.0,0.0035,0.0675,0.929,0.3118,0.1903,0.4979
data/test/known_test\0_real\lhq_1828.png,0,0.7755,0.0078,0.8468,0.0,0.0573,0.0009,0.0,0.4953,0.5047,0.4916,0.3164,0.192
data/test/known_test\1_fake\landscape_synthetic_dreamlike_photoreal_20_northern-lights-over-snowy-forest-night-sky-full-of-stars_655070776.jpg,1,0.9577,0.9999,0.9977,0.9608,0.9987,0.9999,0.0,0.9996,0.0004,0.3519,0.5285,0.1196
data/test/known_test\0_real\architecture_1228.jpg,0,0.9766,0.4179,0.001,0.0142,0.0028,0.9619,0.0,0.0,1.0,0.3101,0.34,0.3499
data/test/known_test\1_fake\human_synthetic_juggernaut_xl_v9_portrait-of-an-elderly-Black-man-with-gray-beard-warm-indoor_122210618.jpg,1,1.0,0.8789,0.9778,1.0,0.9946,1.0,1.0,0.0,0.0,0.3279,0.4411,0.2309
data/test/known_test\0_real\architecture_2100.jpg,0,0.9319,0.037,0.0,0.0,0.018,0.0023,0.0,0.0,1.0,0.3883,0.3731,0.2386
data/test/known_test\1_fake\building_synthetic_juggernaut_xl_v9_traditional-Japanese-wooden-house-garden-with-lanterns_772649235.jpg,1,0.94,0.8783,1.0,0.9999,0.9863,1.0,0.0,0.1413,0.8587,0.325,0.3521,0.3229
data/test/known_test\1_fake\human_2_manipulated_stable_diffusion_2_inpainting_add-wireless-headphones_717850307.jpg,1,0.9985,0.9998,0.9777,1.0,0.9994,1.0,1.0,0.0,0.0,0.3869,0.319,0.2942
data/test/known_test\1_fake\landscape_synthetic_dreamlike_photoreal_20_alpine-mountain-landscape-at-sunrise-snow-peaks-glowing_863538120.jpg,1,0.9056,0.9999,0.9914,0.5958,0.9999,0.9999,0.0,0.9999,0.0,0.3909,0.4136,0.1955
data/test/known_test\1_fake\landscape_synthetic_juggernaut_xl_v9_desert-dunes-under-clear-blue-sky-detailed-sand-textures_697460536.jpg,1,0.8815,0.9734,0.9588,0.9991,0.9987,0.9999,0.0,1.0,0.0,0.3694,0.5782,0.0523
data/test/known_test\1_fake\landscape_synthetic_dreamlike_photoreal_20_dramatic-thunderstorm-over-open-fields_106492060.jpg,1,0.8666,0.9999,0.9923,0.9995,0.9999,1.0,0.0,0.9996,0.0004,0.3502,0.3412,0.3085
data/test/known_test\1_fake\landscape_synthetic_stable_diffusion_15_dramatic-thunderstorm-over-open-fields_635540031.jpg,1,0.8505,0.9818,0.9898,0.9998,0.9933,0.999,0.0,0.9991,0.0009,0.3588,0.3141,0.3271
data/test/known_test\0_real\architecture_1766.jpg,0,0.5639,0.002,0.0,0.0122,0.0043,0.0013,0.0,0.0004,0.9996,0.2912,0.373,0.3358
data/test/known_test\0_real\architecture_288.jpg,0,0.8574,0.018,0.0,0.9961,0.0006,0.0005,0.0,0.0,1.0,0.3485,0.3741,0.2774
data/test/known_test\1_fake\human_manipulated_stable_diffusion_15_imag2img_portrait-illuminated-by-laptop-screen_359722167.jpg,1,0.9999,0.8715,0.9964,0.9894,0.9653,1.0,1.0,0.0,0.0,0.4301,0.2466,0.3233
data/test/known_test\0_real\celeba_965.jpg,0,0.0003,0.9977,0.9869,0.0003,0.0097,0.0,1.0,0.0,0.0,0.2856,0.2586,0.4558
data/test/known_test\0_real\architecture_296.JPG,0,0.7789,0.5552,0.0,0.0513,0.0005,0.0058,0.0,0.0,1.0,0.2331,0.3415,0.4254
data/test/known_test\1_fake\landscape_manipulated_stable_diffusion_inpainting_add-bench-near-path_834718476.jpg,1,0.9892,0.9979,0.9995,1.0,0.9999,0.9905,0.0,1.0,0.0,0.4318,0.3018,0.2663
data/test/known_test\1_fake\building_synthetic_juggernaut_xl_v9_abandoned-farmhouse-in-rural-field_21833793.jpg,1,0.9041,0.3246,1.0,0.9917,0.9994,0.9945,0.0,0.5882,0.4118,0.3711,0.4103,0.2186
data/test/known_test\1_fake\building_synthetic_juggernaut_xl_v9_mosque-with-detailed-minarets-photographed-at-sunset_891617661.jpg,1,0.6037,0.7587,0.9984,0.9998,0.9991,0.9998,0.0,0.0001,0.9999,0.374,0.3729,0.2531
data/test/known_test\1_fake\human_synthetic_juggernaut_xl_v9_photo-of-a-middle-aged-man-with-a-beard-wearing-a-suit-outdo_605306364.jpg,1,0.9995,0.9716,0.994,1.0,0.9993,0.9999,1.0,0.0,0.0,0.3496,0.3572,0.2931
data/test/known_test\0_real\architecture_1180.JPG,0,0.948,0.2719,0.0,0.1051,0.0045,0.5704,0.0,0.0,1.0,0.3468,0.4294,0.2238
data/test/known_test\0_real\architecture_1087.jpg,0,0.9942,0.7249,0.0001,0.0122,0.001,0.0003,0.0,0.0002,0.9998,0.3612,0.3707,0.2681
data/test/known_test\0_real\lhq_301.png,0,0.8449,0.0026,0.5065,0.042,0.4524,0.0001,0.0,1.0,0.0,0.3907,0.3582,0.2511
data/test/known_test\0_real\lhq_637.png,0,0.7493,0.0,0.1204,0.0,0.0001,0.0137,0.0,1.0,0.0,0.1755,0.4481,0.3764
data/test/known_test\1_fake\landscape_synthetic_stable_diffusion_15_savannah-landscape-with-acacia-trees-golden-hour_510173761.jpg,1,0.9525,0.9999,1.0,1.0,1.0,0.9999,0.004,0.8422,0.1538,0.4526,0.3158,0.2315
data/test/known_test\0_real\lhq_1136.png,0,0.8619,0.4989,0.9093,0.0239,0.0007,0.0151,0.0031,0.9415,0.0554,0.3004,0.4534,0.2462
data/test/known_test\0_real\faceforensics_852.jpg,0,0.05,1.0,0.9891,0.027,0.0002,0.0002,0.9998,0.0001,0.0001,0.2603,0.1843,0.5554
data/test/known_test\1_fake\landscape_manipulated_stable_diffusion_2_inpainting_add-tent-in-field_637811136.jpg,1,0.6895,0.9988,0.9776,0.9869,0.9994,0.9774,0.0,1.0,0.0,0.3552,0.2827,0.3621
data/test/known_test\0_real\celeba_497.jpg,0,0.0002,0.9694,0.978,0.0012,0.0029,0.0,1.0,0.0,0.0,0.2554,0.2141,0.5305
data/test/known_test\0_real\faceforensics_608.jpg,0,0.0155,0.7531,0.9592,0.0213,0.0002,0.0001,0.9789,0.0195,0.0016,0.3395,0.2607,0.3998
data/test/known_test\1_fake\human_2_manipulated_stable_diffusion_2_inpainting_add-wireless-headphones_578658816.jpg,1,0.9991,1.0,0.995,0.9993,0.9997,0.9999,1.0,0.0,0.0,0.3255,0.1859,0.4886
data/test/known_test\0_real\lhq_200.png,0,0.8294,0.0003,0.5523,0.0023,0.0008,0.0005,0.0,0.9719,0.0281,0.3973,0.3713,0.2313
data/test/known_test\0_real\lhq_647.png,0,0.8283,0.0002,0.002,0.0,0.0,0.0003,0.0,1.0,0.0,0.3135,0.4482,0.2383
data/test/known_test\0_real\celeba_269.jpg,0,0.0006,0.8314,0.9788,0.0684,0.2955,0.0,1.0,0.0,0.0,0.2619,0.1667,0.5714
data/test/known_test\0_real\architecture_293.jpg,0,0.8321,0.0077,0.0,0.0038,0.0,0.0061,0.0,0.0,1.0,0.337,0.3539,0.309
data/test/known_test\0_real\faceforensics_388.jpg,0,0.0255,0.9914,0.95,0.1097,0.0013,0.0014,0.9581,0.0321,0.0097,0.3627,0.26,0.3772
data/test/known_test\0_real\architecture_1606.jpg,0,0.7365,0.1328,0.0024,0.0098,0.001,0.0011,0.001,0.0903,0.9087,0.4328,0.3304,0.2368
data/test/known_test\1_fake\human_2_manipulated_stable_diffusion_2_inpainting_add-eyeglasses_765359330.jpg,1,0.9982,1.0,0.9987,1.0,0.7245,1.0,1.0,0.0,0.0,0.3013,0.1641,0.5345
data/test/known_test\0_real\faceforensics_921.jpg,0,0.0354,0.9998,0.9688,0.0001,0.0001,0.0001,0.3919,0.2649,0.3433,0.2583,0.1746,0.5671
data/test/known_test\1_fake\building_synthetic_juggernaut_xl_v9_small-countryside-church-with-stone-walls_911251732.jpg,1,0.6993,0.9687,1.0,0.9998,0.9963,1.0,0.0023,0.0832,0.9145,0.4355,0.3901,0.1744
data/test/known_test\0_real\architecture_592.JPG,0,0.9106,0.5566,0.0374,0.0178,0.6554,0.8788,0.0,0.0,1.0,0.2882,0.4058,0.306
data/test/known_test\1_fake\building_manipulated_stable_diffusion_15_imag2img_building-with-overexposed-light_505672756.jpg,1,0.9397,0.9965,0.9999,0.8773,0.6267,1.0,0.0,0.0,1.0,0.3046,0.2772,0.4182
data/test/known_test\1_fake\human_manipulated_stable_diffusion_15_imag2img_portrait-with-subtle-film-grain-effect_153387314.jpg,1,0.9999,0.9995,0.9986,0.9999,0.9999,1.0,1.0,0.0,0.0,0.3179,0.1702,0.5119
data/test/known_test\1_fake\building_manipulated_stable_diffusion_2_inpainting_add-ivy-on-facade_569876656.jpg,1,0.9852,0.7135,0.4328,0.6598,0.9947,0.9989,0.0,0.0,1.0,0.3788,0.2376,0.3836
data/test/known_test\1_fake\building_manipulated_stable_diffusion_inpainting_add-flower-pots-on-windowsill_769084356.jpg,1,0.9776,0.1574,0.9995,0.9977,0.9978,0.9988,0.0,0.014,0.986,0.4555,0.2599,0.2845
data/test/known_test\1_fake\building_manipulated_stable_diffusion_15_imag2img_building-with-neon-signs_130409445.jpg,1,0.9143,0.8561,0.7381,0.6188,0.7228,0.9942,0.0,0.0001,0.9999,0.3605,0.3549,0.2845
data/test/known_test\1_fake\human_synthetic_juggernaut_xl_v9_portrait-of-a-young-Black-woman-with-braids-golden-hour-ligh_157243285.jpg,1,0.9998,0.7828,0.9783,1.0,0.9993,1.0,0.9877,0.0021,0.0102,0.2343,0.2126,0.5531
data/test/known_test\0_real\lhq_831.png,0,0.6793,0.0122,0.6093,0.0,0.0001,0.0007,0.0,1.0,0.0,0.2465,0.4268,0.3266
data/test/known_test\1_fake\landscape_manipulated_stable_diffusion_15_imag2img_river-in-bright-daylight_393624576.jpg,1,0.8501,0.9993,0.9995,0.9977,0.9986,0.9996,0.0,1.0,0.0,0.2136,0.3904,0.396
data/test/known_test\1_fake\landscape_synthetic_dreamlike_photoreal_20_autumn-forest-with-colorful-leaves-path-covered-in-foliage_661051533.jpg,1,0.9954,0.9994,1.0,1.0,0.9999,0.9999,0.0028,0.9951,0.0022,0.3899,0.3331,0.277
data/test/known_test\0_real\lhq_1413.png,0,0.4914,0.0005,0.3395,0.2172,0.0117,0.0002,0.0112,0.9887,0.0,0.263,0.4113,0.3257
data/test/known_test\0_real\architecture_134.jpg,0,0.9673,0.1887,0.0035,0.0205,0.0001,0.7029,0.0,0.0,1.0,0.323,0.3274,0.3496
data/test/known_test\1_fake\human_2_manipulated_stable_diffusion_2_inpainting_add-stud-earrings_110829910.jpg,1,0.9997,1.0,0.9988,1.0,0.9793,0.9999,1.0,0.0,0.0,0.3526,0.2643,0.383
data/test/known_test\1_fake\landscape_manipulated_stable_diffusion_2_inpainting_add-person-silhouette-in-distance_457611678.jpg,1,0.8914,0.9911,0.9928,0.9796,0.9513,0.9995,0.0,1.0,0.0,0.2469,0.2772,0.4759
data/test/known_test\0_real\lhq_1078.png,0,0.6449,0.9992,0.9765,0.605,0.0214,0.8927,0.0,1.0,0.0,0.2136,0.3712,0.4152
data/test/known_test\0_real\architecture_428.jpg,0,0.7716,0.5615,0.0,0.0007,0.0003,0.0427,0.0,0.0,1.0,0.3864,0.3625,0.2511
data/test/known_test\1_fake\building_synthetic_stable_diffusion_15_desert-adobe-houses-warm-sunset-light_511947771.jpg,1,0.9945,0.9384,0.9974,0.9908,1.0,0.9995,0.0,0.2448,0.7551,0.4002,0.3211,0.2787
data/test/known_test\1_fake\building_synthetic_juggernaut_xl_v9_minimalist-concrete-building-clean-lines-overcast-sky_251258750.jpg,1,0.9165,0.1,0.9973,0.998,0.0005,0.9999,0.0919,0.4459,0.4622,0.3873,0.3638,0.2489
data/test/known_test\1_fake\landscape_manipulated_stable_diffusion_inpainting_add-tractor-on-field_310982801.jpg,1,0.9652,0.9997,0.9921,1.0,1.0,0.9999,0.0,0.9999,0.0001,0.3763,0.5555,0.0682
data/test/known_test\1_fake\human_synthetic_dreamlike_photoreal_20_photo-of-an-elderly-couple-holding-hands-in-a-park_849595797.jpg,1,0.9999,0.9967,0.998,1.0,0.9999,1.0,0.9895,0.0006,0.01,0.2753,0.2523,0.4724
data/test/known_test\0_real\faceforensics_547.jpg,0,0.0131,0.9993,0.9874,0.0076,0.006,0.0002,0.3926,0.6074,0.0001,0.2616,0.2581,0.4803
data/test/known_test\0_real\architecture_731.jpg,0,0.9269,0.0655,0.0,0.0017,0.0009,0.0025,0.0,0.0216,0.9784,0.3896,0.3207,0.2897
data/test/known_test\1_fake\landscape_manipulated_stable_diffusion_2_inpainting_add-single-bird-in-sky_177611410.jpg,1,0.9844,0.9997,0.8747,0.2848,0.999,0.9987,0.0,0.9999,0.0001,0.2368,0.2122,0.551
data/test/known_test\1_fake\landscape_manipulated_stable_diffusion_inpainting_add-electricity-pole_612625051.jpg,1,0.9259,0.9791,0.9995,1.0,1.0,0.9974,0.0,1.0,0.0,0.2274,0.2652,0.5074
data/test/known_test\0_real\celeba_365.jpg,0,0.001,0.991,0.9833,0.0005,0.0372,0.0,1.0,0.0,0.0,0.2917,0.2046,0.5037
data/test/known_test\0_real\celeba_872.jpg,0,0.0006,0.9843,0.9839,0.0002,0.0036,0.0,1.0,0.0,0.0,0.3634,0.3563,0.2803
data/test/known_test\1_fake\landscape_synthetic_juggernaut_xl_v9_tropical-beach-with-palm-trees-turquoise-water_908314406.jpg,1,0.6288,0.8966,0.9998,1.0,0.0472,0.999,0.0,0.9999,0.0001,0.3256,0.438,0.2364
data/test/known_test\1_fake\building_synthetic_dreamlike_photoreal_20_traditional-Chinese-pagoda-surrounded-by-trees_269108476.jpg,1,0.9117,0.9648,1.0,1.0,0.9999,1.0,0.0,0.0,1.0,0.3493,0.2648,0.3859
data/test/known_test\0_real\lhq_643.png,0,0.8624,0.1414,0.9968,0.0031,0.0003,0.0927,0.0,0.3518,0.6482,0.3131,0.3115,0.3753
data/test/known_test\0_real\lhq_1570.png,0,0.9304,0.0001,0.7983,0.0002,0.0003,0.0005,0.0003,0.9997,0.0,0.2636,0.6788,0.0576
data/test/known_test\0_real\celeba_743.jpg,0,0.0003,0.9997,0.9887,0.0008,0.0019,0.0,1.0,0.0,0.0,0.2795,0.2664,0.4541
data/test/known_test\1_fake\human_synthetic_juggernaut_xl_v9_portrait-of-a-man-with-long-hair-and-tattoos-dramatic-lighti_412834920.jpg,1,0.9997,0.6734,0.9512,1.0,0.999,1.0,0.9999,0.0,0.0,0.3653,0.3533,0.2814
data/test/known_test\0_real\lhq_197.png,0,0.6733,0.0022,0.9694,0.0003,0.0003,0.003,0.0,0.9996,0.0004,0.2088,0.4769,0.3143
data/test/known_test\1_fake\landscape_synthetic_dreamlike_photoreal_20_mountain-valley-with-river-summer-daylight_569681066.jpg,1,0.7958,0.9978,1.0,1.0,1.0,0.6581,0.0,0.7319,0.2681,0.3632,0.3974,0.2394
data/test/known_test\1_fake\landscape_manipulated_stable_diffusion_15_imag2img_cloudy-mountain-view_361081824.jpg,1,0.9163,0.9945,1.0,0.9998,0.9997,0.9944,0.0,1.0,0.0,0.3732,0.3429,0.2838
data/test/known_test\0_real\celeba_787.jpg,0,0.0002,0.9996,0.9907,0.0001,0.0083,0.0,1.0,0.0,0.0,0.2824,0.3566,0.3611
data/test/known_test\1_fake\landscape_manipulated_stable_diffusion_15_imag2img_desert-under-bright-sun_505234799.jpg,1,0.9807,1.0,0.9996,1.0,0.9997,0.9998,0.0,0.9999,0.0001,0.2266,0.6269,0.1465
data/test/known_test\0_real\celeba_999.jpg,0,0.0005,0.9603,0.985,0.0002,0.0047,0.0,1.0,0.0,0.0,0.3192,0.2023,0.4785
data/test/known_test\0_real\lhq_1773.png,0,0.9013,0.3393,0.9784,0.0492,0.0005,0.7985,0.0,0.9407,0.0592,0.224,0.4972,0.2788
data/test/known_test\1_fake\landscape_synthetic_juggernaut_xl_v9_tropical-beach-with-palm-trees-turquoise-water_325155442.jpg,1,0.7749,0.9984,0.9999,1.0,0.9986,0.9998,0.0,0.9999,0.0001,0.3232,0.4054,0.2714
data/test/known_test\1_fake\human_2_manipulated_stable_diffusion_inpainting_add-mustache_246606809.jpg,1,0.9999,1.0,0.9967,1.0,0.9995,1.0,1.0,0.0,0.0,0.2864,0.1743,0.5394
data/test/known_test\1_fake\human_manipulated_stable_diffusion_2_inpainting_add-hoodie-hood-on-head_785756970.jpg,1,0.9998,0.9987,0.9897,0.9855,0.9999,1.0,1.0,0.0,0.0,0.3563,0.1853,0.4584
data/test/known_test\1_fake\landscape_manipulated_stable_diffusion_15_imag2img_meadow-with-flowers-sunny_183086167.jpg,1,0.8536,0.9997,1.0,1.0,1.0,0.9965,0.0,0.9958,0.0042,0.2744,0.3575,0.3681
data/test/known_test\0_real\architecture_1694.JPG,0,0.8695,0.6155,0.8876,0.0019,0.0005,0.0059,0.0,0.0,1.0,0.4262,0.3826,0.1912
data/test/known_test\1_fake\building_manipulated_stable_diffusion_inpainting_add-mailbox-on-wall_554965530.jpg,1,0.8858,0.916,0.9924,0.9992,0.9999,1.0,0.0,0.0,1.0,0.4224,0.2348,0.3427
data/test/known_test\0_real\lhq_556.png,0,0.8835,0.0002,0.4179,0.0,0.0,0.0002,0.0,1.0,0.0,0.2612,0.5099,0.2289
data/test/known_test\0_real\lhq_1711.png,0,0.6711,0.0081,0.077,0.0002,0.0002,0.9991,0.0,0.9974,0.0026,0.2166,0.3922,0.3911
data/test/known_test\0_real\celeba_126.jpg,0,0.0008,0.9987,0.9861,0.0021,0.0008,0.0,1.0,0.0,0.0,0.3411,0.2869,0.3719
data/test/known_test\1_fake\landscape_synthetic_stable_diffusion_15_rolling-vineyards-in-summer-Mediterranean-style_572030855.jpg,1,0.8734,0.9999,0.9999,0.9984,0.9999,1.0,0.0,0.9999,0.0001,0.334,0.212,0.454
data/test/known_test\0_real\lhq_710.png,0,0.6157,0.0009,0.52,0.0008,0.0042,0.0002,0.0,0.9996,0.0004,0.2824,0.5651,0.1525
data/test/known_test\1_fake\building_manipulated_stable_diffusion_2_inpainting_add-small-balcony_135078507.jpg,1,0.8728,0.9171,0.9997,0.9964,0.9999,1.0,0.0,0.0,1.0,0.4108,0.2638,0.3254
data/test/known_test\1_fake\landscape_synthetic_dreamlike_photoreal_20_desert-plateau-with-cacti-midday-sun_603102939.jpg,1,0.9492,0.9996,1.0,1.0,0.9997,1.0,0.0,0.8681,0.1319,0.3057,0.3486,0.3458
data/test/known_test\0_real\architecture_1418.JPG,0,0.9359,0.2629,0.0,0.6061,0.0004,0.0359,0.0038,0.0194,0.9768,0.3423,0.3715,0.2862
data/test/known_test\0_real\lhq_632.png,0,0.6705,0.0001,0.8452,0.0,0.0,0.0133,0.0,1.0,0.0,0.2285,0.3351,0.4364
data/test/known_test\0_real\lhq_1741.png,0,0.5252,0.0006,0.9928,0.0012,0.0001,0.0072,0.0,1.0,0.0,0.1962,0.3876,0.4163
data/test/known_test\0_real\architecture_109.jpg,0,0.8296,0.006,0.0,0.0005,0.0001,0.0036,0.0,0.0071,0.9929,0.321,0.3495,0.3295
data/test/known_test\1_fake\human_2_manipulated_stable_diffusion_15_imag2img_portrait-with-warm-golden-hour-tones_928733905.jpg,1,0.9995,0.9998,0.983,0.9872,0.9561,0.9734,0.3609,0.0042,0.6349,0.2912,0.2609,0.4479
data/test/known_test\1_fake\building_synthetic_dreamlike_photoreal_20_futuristic-office-tower-with-curved-glass-blue-sky_345505800.jpg,1,0.9417,0.5478,1.0,1.0,0.9982,0.9999,0.0116,0.0537,0.9347,0.3615,0.2975,0.3411
data/test/known_test\0_real\faceforensics_606.jpg,0,0.0057,1.0,0.9914,0.0001,0.0037,0.0,1.0,0.0,0.0,0.355,0.2919,0.3532
data/test/known_test\0_real\faceforensics_483.jpg,0,0.0937,0.9994,0.9947,0.0539,0.0364,0.0229,0.9955,0.0017,0.0028,0.2998,0.2238,0.4764
data/test/known_test\1_fake\landscape_manipulated_stable_diffusion_15_imag2img_snowy-mountain-slope_729835593.jpg,1,0.9009,0.9997,0.9991,0.7759,0.8602,0.5995,0.0,1.0,0.0,0.2303,0.2504,0.5194
data/test/known_test\0_real\faceforensics_625.jpg,0,0.0489,1.0,0.9908,0.2398,0.0035,0.0533,1.0,0.0,0.0,0.2829,0.3328,0.3843
data/test/known_test\0_real\architecture_107.JPG,0,0.7595,0.1016,0.0,0.0,0.003,0.0004,0.0,0.0001,0.9999,0.3186,0.3431,0.3383
data/test/known_test\0_real\faceforensics_408.jpg,0,0.544,1.0,0.9852,0.0058,0.0001,0.0165,1.0,0.0,0.0,0.3727,0.3601,0.2672
data/test/known_test\0_real\lhq_1717.png,0,0.6743,0.0017,0.9662,0.0423,0.0,0.0011,0.0,1.0,0.0,0.2008,0.3456,0.4536
data/test/known_test\1_fake\landscape_synthetic_dreamlike_photoreal_20_rolling-green-hills-in-spring-wildflowers-in-bloom_22932395.jpg,1,0.992,0.8844,0.9983,0.1529,0.9997,0.9999,0.0,1.0,0.0,0.3687,0.5298,0.1015
data/test/known_test\1_fake\landscape_manipulated_stable_diffusion_inpainting_add-small-barn_923894849.jpg,1,0.8935,0.997,0.9998,1.0,0.9998,0.9999,0.2245,0.0617,0.7138,0.3619,0.4158,0.2223
data/test/known_test\1_fake\building_synthetic_juggernaut_xl_v9_desert-adobe-houses-warm-sunset-light_649252435.jpg,1,0.9753,0.9984,1.0,0.9937,0.9993,0.9999,0.0059,0.2668,0.7273,0.3608,0.4385,0.2006
data/test/known_test\1_fake\human_synthetic_stable_diffusion_15_portrait-of-a-middle-aged-Hispanic-man-short-hair-warm-tone-_882403819.jpg,1,0.9998,1.0,0.991,1.0,0.9999,1.0,0.994,0.0034,0.0026,0.3513,0.2701,0.3786
data/test/known_test\1_fake\landscape_manipulated_stable_diffusion_2_inpainting_add-small-barn_957038279.jpg,1,0.7737,0.9738,0.9848,1.0,1.0,1.0,0.0,0.6854,0.3146,0.2697,0.2503,0.48
data/test/known_test\0_real\lhq_636.png,0,0.8216,0.0002,0.965,0.0014,0.007,0.007,0.0001,0.9899,0.01,0.2567,0.5081,0.2353
data/test/known_test\0_real\architecture_673.jpg,0,0.8644,0.0417,0.0012,0.8919,0.0008,0.022,0.0,0.0021,0.9979,0.2982,0.3409,0.3609
data/test/known_test\1_fake\landscape_synthetic_dreamlike_photoreal_20_rolling-green-hills-in-spring-wildflowers-in-bloom_891010114.jpg,1,0.9823,0.7793,0.9921,0.8711,0.9999,0.9996,0.0001,0.9995,0.0003,0.3535,0.586,0.0605
data/test/known_test\0_real\architecture_637.JPG,0,0.7613,0.1705,0.0,0.1067,0.0002,0.0012,0.0,0.0,1.0,0.3291,0.3923,0.2786
data/test/known_test\0_real\faceforensics_105.jpg,0,0.0336,0.9999,0.9828,0.1793,0.0051,0.0006,1.0,0.0,0.0,0.2469,0.1657,0.5874
data/test/known_test\1_fake\human_synthetic_dreamlike_photoreal_20_portrait-of-a-young-Black-woman-with-braids-golden-hour-ligh_57562305.jpg,1,0.9996,0.9993,0.9991,1.0,1.0,1.0,1.0,0.0,0.0,0.2866,0.2943,0.4191
data/test/known_test\0_real\architecture_355.jpg,0,0.9064,0.7081,0.1004,0.0078,0.0034,0.1535,0.0,0.0,1.0,0.3041,0.3557,0.3402
data/test/known_test\0_real\architecture_93.JPG,0,0.9316,0.0017,0.0,0.0006,0.0003,0.0115,0.0,0.0004,0.9996,0.5011,0.2668,0.2321
data/test/known_test\1_fake\landscape_synthetic_juggernaut_xl_v9_desert-oasis-with-palm-trees-and-water-pool_954553133.jpg,1,0.7804,0.9998,1.0,1.0,0.9997,1.0,0.0011,0.556,0.4429,0.309,0.3742,0.3168
data/test/known_test\1_fake\building_manipulated_stable_diffusion_15_imag2img_building-at-night-with-lit-windows_43303807.jpg,1,0.8535,0.9947,0.9815,0.4146,0.9992,0.9921,0.0,0.0,1.0,0.4398,0.407,0.1532
data/test/known_test\0_real\architecture_1483.JPG,0,0.8155,0.077,0.0,0.0216,0.0005,0.0004,0.0,0.0,1.0,0.2795,0.3867,0.3337
data/test/known_test\1_fake\landscape_synthetic_juggernaut_xl_v9_frozen-lake-with-snow-covered-pine-trees_619303397.jpg,1,0.8668,0.6609,0.9977,0.1322,0.496,0.975,0.0,0.9993,0.0007,0.3255,0.4484,0.2262
data/test/known_test\1_fake\building_manipulated_stable_diffusion_inpainting_add-door-mat_976720159.jpg,1,0.925,0.9459,0.9999,1.0,0.9739,0.9974,0.0,0.8046,0.1954,0.4366,0.3301,0.2333
data/test/known_test\0_real\lhq_1239.png,0,0.8115,0.0,0.6933,0.0,0.0,0.0186,0.0,0.9997,0.0002,0.2526,0.6615,0.0859
data/test/known_test\0_real\architecture_226.jpg,0,0.853,0.1208,0.0,0.0011,0.0002,0.0002,0.0,0.0,1.0,0.3322,0.3594,0.3084
data/test/known_test\0_real\lhq_513.png,0,0.8086,0.0056,0.9782,0.0,0.0001,0.0027,0.0,1.0,0.0,0.2968,0.5858,0.1174
data/test/known_test\1_fake\landscape_synthetic_stable_diffusion_15_desert-oasis-with-palm-trees-and-water-pool_418744975.jpg,1,0.6884,1.0,0.9999,1.0,1.0,1.0,0.0,0.2661,0.7339,0.3339,0.2619,0.4041
data/test/known_test\0_real\architecture_538.JPG,0,0.6433,0.0084,0.0,0.0004,0.0007,0.0014,0.0,0.0,1.0,0.3043,0.2815,0.4142
data/test/known_test\1_fake\landscape_synthetic_stable_diffusion_15_rolling-vineyards-in-summer-Mediterranean-style_74041731.jpg,1,0.9019,0.9996,0.9999,1.0,1.0,1.0,0.0,1.0,0.0,0.4269,0.2971,0.276
data/test/known_test\0_real\architecture_1611.jpg,0,0.9749,0.0338,0.0,0.4107,0.0007,0.9067,0.0,0.0,1.0,0.2579,0.2947,0.4474
data/test/known_test\1_fake\human_manipulated_stable_diffusion_15_imag2img_portrait-at-dusk-natural-backlight_147241458.jpg,1,0.9999,0.9986,0.9991,0.9999,0.9401,1.0,1.0,0.0,0.0,0.3179,0.1806,0.5015
data/test/known_test\1_fake\building_synthetic_juggernaut_xl_v9_suburban-residential-street-with-family-houses_308034407.jpg,1,0.8061,0.9989,1.0,1.0,0.9999,1.0,0.0028,0.0167,0.9804,0.354,0.3536,0.2924
data/test/known_test\1_fake\building_synthetic_dreamlike_photoreal_20_classic-New-York-brownstone-street-autumn-leaves_622687987.jpg,1,0.9949,0.9004,1.0,1.0,0.9998,1.0,0.0012,0.618,0.3808,0.4185,0.3133,0.2682
data/test/known_test\0_real\lhq_1053.png,0,0.5821,0.0017,0.1376,0.0046,0.0,0.0175,0.0,1.0,0.0,0.3266,0.4273,0.2461
data/test/known_test\1_fake\landscape_synthetic_dreamlike_photoreal_20_lush-jungle-waterfall-spray-in-the-air_866747348.jpg,1,0.9913,0.9997,0.9998,1.0,0.9999,1.0,0.0,0.9999,0.0001,0.3305,0.2971,0.3724
data/test/known_test\0_real\lhq_379.png,0,0.8662,0.0011,0.7845,0.4926,0.0006,0.0034,0.0,1.0,0.0,0.2697,0.6873,0.0431
data/test/known_test\0_real\celeba_774.jpg,0,0.0004,0.9988,0.9963,0.0018,0.0119,0.0,1.0,0.0,0.0,0.3054,0.3385,0.3562
data/test/known_test\1_fake\building_synthetic_stable_diffusion_15_old-industrial-warehouse-with-brick-walls_797163847.jpg,1,0.9554,0.8359,0.9988,0.996,0.9925,0.9994,0.0,0.4034,0.5966,0.5966,0.2105,0.1928
data/test/known_test\0_real\celeba_454.jpg,0,0.0001,0.9996,0.9677,0.0002,0.0024,0.0,1.0,0.0,0.0,0.2809,0.354,0.3651
data/test/known_test\0_real\lhq_1870.png,0,0.7514,0.0003,0.4191,0.0,0.0,0.0002,0.0,1.0,0.0,0.3041,0.4296,0.2664
data/test/known_test\1_fake\human_manipulated_stable_diffusion_15_imag2img_portrait-under-cloudy-daylight_395430793.jpg,1,1.0,0.9993,0.997,0.9999,0.7241,1.0,1.0,0.0,0.0,0.2799,0.1506,0.5695
data/test/known_test\1_fake\building_synthetic_stable_diffusion_15_old-industrial-warehouse-with-brick-walls_144193988.jpg,1,0.9861,0.8135,0.9963,0.9151,0.9978,0.9994,0.0,0.0263,0.9737,0.5105,0.3371,0.1525
data/test/known_test\0_real\lhq_1715.png,0,0.8401,0.7446,1.0,0.6487,0.0006,0.3194,0.0069,0.9888,0.0043,0.3365,0.4663,0.1972
data/test/known_test\0_real\lhq_1231.png,0,0.7747,0.0009,0.9956,0.0019,0.0,0.0077,0.0,1.0,0.0,0.2333,0.5388,0.2279
data/test/known_test\1_fake\landscape_synthetic_juggernaut_xl_v9_desert-plateau-with-cacti-midday-sun_231009562.jpg,1,0.9119,0.9955,0.9999,1.0,0.9999,0.9998,0.0,0.8401,0.1599,0.371,0.4439,0.1851
data/test/known_test\1_fake\landscape_manipulated_stable_diffusion_15_imag2img_autumn-scene-with-colorful-trees_307012828.jpg,1,0.998,0.9999,0.997,1.0,0.0906,0.9999,0.0004,0.9996,0.0,0.2528,0.3225,0.4247
data/test/known_test\0_real\architecture_1776.jpg,0,0.8728,0.0151,0.0,0.4723,0.0,0.0269,0.0,0.0,1.0,0.4021,0.3156,0.2823
data/test/known_test\0_real\architecture_1210.jpg,0,0.8831,0.6144,0.0001,0.1371,0.002,0.0014,0.0,0.0,1.0,0.37,0.2644,0.3656
data/test/known_test\0_real\celeba_442.jpg,0,0.0004,0.9983,0.9941,0.0,0.0045,0.0,1.0,0.0,0.0,0.2441,0.2701,0.4858
data/test/known_test\1_fake\landscape_manipulated_stable_diffusion_inpainting_add-small-boat-on-water_560892226.jpg,1,0.8618,0.9989,0.9873,0.9997,0.9973,0.9815,0.0,1.0,0.0,0.3008,0.2567,0.4425
data/test/known_test\1_fake\landscape_manipulated_stable_diffusion_2_inpainting_add-single-bird-in-sky_235799635.jpg,1,0.5044,0.9969,0.9992,1.0,0.9999,0.994,0.0,1.0,0.0,0.2563,0.2833,0.4604
data/test/known_test\0_real\lhq_1970.png,0,0.8442,0.0003,0.9842,0.0,0.001,0.0024,0.0,0.8347,0.1653,0.2713,0.3996,0.3291
data/test/known_test\0_real\lhq_581.png,0,0.7625,0.0001,0.9729,0.0,0.0005,0.0786,0.0,1.0,0.0,0.3254,0.508,0.1666
data/test/known_test\0_real\architecture_396.jpg,0,0.4384,0.0263,0.0,0.0038,0.0001,0.0001,0.0,0.0,1.0,0.3587,0.3745,0.2667
data/test/known_test\1_fake\building_synthetic_dreamlike_photoreal_20_old-European-cathedral-with-gothic-details-daylight_812224655.jpg,1,0.9816,0.3201,1.0,1.0,1.0,1.0,0.0,0.0,1.0,0.3352,0.2564,0.4084
data/test/known_test\1_fake\human_synthetic_juggernaut_xl_v9_photo-of-a-teenage-girl-in-casual-clothing-standing-on-a-cit_599924860.jpg,1,0.9996,0.7507,0.9999,1.0,0.9996,1.0,0.9971,0.0017,0.0012,0.329,0.2461,0.4249
data/test/known_test\0_real\faceforensics_654.jpg,0,0.0138,1.0,0.9944,0.0014,0.0081,0.0006,0.9999,0.0,0.0001,0.3839,0.3386,0.2775
data/test/known_test\0_real\architecture_874.jpg,0,0.9459,0.1163,0.9866,0.1468,0.0006,0.9075,0.0,0.0,1.0,0.3055,0.2852,0.4094
data/test/known_test\1_fake\human_2_manipulated_stable_diffusion_2_inpainting_add-headscarf_113182100.jpg,1,0.9996,1.0,0.9973,1.0,0.9916,0.9917,0.9989,0.0007,0.0004,0.3131,0.2058,0.4811
data/test/known_test\1_fake\building_manipulated_stable_diffusion_2_inpainting_add-small-bench-near-wall_276320456.jpg,1,0.8925,0.9908,0.9733,0.8686,0.9995,0.9995,0.0,0.0,1.0,0.3926,0.4522,0.1553
data/test/known_test\1_fake\building_manipulated_stable_diffusion_inpainting_add-car-parked-in-front_555845817.jpg,1,0.9223,0.7944,0.9755,0.9953,1.0,0.9996,0.0,0.0008,0.9992,0.3082,0.3122,0.3795
data/test/known_test\1_fake\building_manipulated_stable_diffusion_15_imag2img_brick-building-in-golden-hour_850234434.jpg,1,0.9465,0.5764,0.1373,0.9457,0.9929,0.9826,0.0,0.0022,0.9978,0.4191,0.2552,0.3257
data/test/known_test\1_fake\human_synthetic_stable_diffusion_15_group-photo-of-three-friends-mixed-ethnicities-laughing-in-a_153407201.jpg,1,0.9993,0.9982,0.9994,0.9977,1.0,1.0,0.9918,0.0074,0.0009,0.2791,0.1674,0.5535
data/test/known_test\1_fake\building_synthetic_stable_diffusion_15_futuristic-office-tower-with-curved-glass-blue-sky_719112791.jpg,1,0.9529,0.9959,1.0,0.9945,0.9999,0.9999,0.0001,0.0088,0.9911,0.335,0.2653,0.3997
data/test/known_test\1_fake\building_manipulated_stable_diffusion_2_inpainting_add-flower-pots-on-windowsill_475698600.jpg,1,0.7778,0.9842,0.9906,0.1586,1.0,0.9896,0.0,0.0,1.0,0.3072,0.2759,0.4169
data/test/known_test\1_fake\building_synthetic_dreamlike_photoreal_20_classic-New-York-brownstone-street-autumn-leaves_630219580.jpg,1,0.993,0.7938,1.0,1.0,0.9998,1.0,0.0439,0.3031,0.653,0.4465,0.309,0.2445
data/test/known_test\1_fake\landscape_manipulated_stable_diffusion_inpainting_add-dog-near-path_945520526.jpg,1,0.7602,0.9958,0.9986,0.9999,1.0,0.999,0.0,0.9994,0.0006,0.3478,0.439,0.2131
data/test/known_test\1_fake\human_synthetic_juggernaut_xl_v9_portrait-of-an-elderly-Black-man-with-gray-beard-warm-indoor_810614026.jpg,1,0.9999,0.552,0.9661,1.0,0.6893,1.0,1.0,0.0,0.0,0.321,0.4163,0.2628
data/test/known_test\0_real\lhq_1531.png,0,0.623,0.0022,0.9671,0.0001,0.0,0.0085,0.0,0.9999,0.0001,0.3475,0.4317,0.2207
data/test/known_test\1_fake\building_synthetic_juggernaut_xl_v9_small-countryside-church-with-stone-walls_171784436.jpg,1,0.7996,0.8622,1.0,1.0,0.9954,0.9991,0.0,0.4027,0.5973,0.3689,0.3879,0.2432
data/test/known_test\0_real\architecture_946.jpg,0,0.9098,0.0681,0.0001,0.0164,0.001,0.256,0.0,0.0007,0.9993,0.4557,0.3145,0.2298
data/test/known_test\1_fake\human_2_manipulated_stable_diffusion_inpainting_add-headscarf_971425308.jpg,1,0.993,1.0,0.9933,0.1627,1.0,0.9999,0.9822,0.0,0.0178,0.3256,0.1562,0.5182
data/test/known_test\0_real\lhq_84.png,0,0.7837,0.0049,0.5298,0.5415,0.0004,0.0015,0.0,1.0,0.0,0.252,0.4137,0.3343
data/test/known_test\0_real\celeba_221.jpg,0,0.0019,0.9969,0.9912,0.0003,0.0366,0.0,1.0,0.0,0.0,0.3053,0.2269,0.4678
data/test/known_test\1_fake\human_synthetic_stable_diffusion_15_portrait-of-a-young-Indigenous-woman-in-traditional-clothing_74316371.jpg,1,0.9996,0.9999,0.9854,1.0,1.0,1.0,1.0,0.0,0.0,0.3273,0.2681,0.4046
data/test/known_test\0_real\celeba_865.jpg,0,0.0002,0.9981,0.9833,0.0,0.0306,0.0,1.0,0.0,0.0,0.375,0.3428,0.2822
data/test/known_test\0_real\architecture_444.jpg,0,0.9461,0.4994,0.0006,0.9314,0.8094,0.4668,0.0,0.0001,0.9999,0.3232,0.5035,0.1734
data/test/known_test\0_real\lhq_988.png,0,0.7135,0.0058,0.9808,0.0,0.0002,0.0002,0.0,1.0,0.0,0.3116,0.6234,0.0651
data/test/known_test\0_real\lhq_1792.png,0,0.7606,0.0007,0.9471,0.0024,0.0005,0.0019,0.0,1.0,0.0,0.2728,0.3233,0.4039
data/test/known_test\0_real\lhq_1722.png,0,0.7504,0.0034,0.996,0.0105,0.0019,0.0304,0.0,1.0,0.0,0.2521,0.4086,0.3393
data/test/known_test\1_fake\landscape_synthetic_juggernaut_xl_v9_desert-dunes-under-clear-blue-sky-detailed-sand-textures_980908798.jpg,1,0.8019,0.9997,0.9784,1.0,0.9943,1.0,0.0,0.9999,0.0001,0.3423,0.4887,0.169
data/test/known_test\1_fake\human_synthetic_stable_diffusion_15_photo-of-a-young-boy-with-curly-hair-smiling-outdoors-in-the_239670712.jpg,1,0.9996,0.9999,1.0,0.9995,1.0,1.0,0.0289,0.6115,0.3596,0.4297,0.2994,0.2709
data/test/known_test\0_real\architecture_1734.jpg,0,0.9273,0.069,0.01,0.0542,0.0006,0.0035,0.0001,0.0696,0.9303,0.4483,0.2802,0.2715
data/test/known_test\1_fake\building_synthetic_stable_diffusion_15_modern-luxury-villa-with-swimming-pool-daylight_666430219.jpg,1,0.4524,0.9997,1.0,1.0,1.0,1.0,0.0,0.9784,0.0216,0.2828,0.2483,0.4688
data/test/known_test\0_real\lhq_1187.png,0,0.7315,0.0001,0.5232,0.0011,0.0,0.0082,0.015,0.9698,0.0152,0.278,0.4,0.322
data/test/known_test\0_real\lhq_309.png,0,0.9033,0.0063,0.0355,0.0,0.0003,0.0026,0.0,0.612,0.388,0.2968,0.5009,0.2024
data/test/known_test\1_fake\landscape_manipulated_stable_diffusion_inpainting_add-airplane-in-sky_144225975.jpg,1,0.8754,0.9903,0.9771,0.9926,0.9999,0.4106,0.0004,0.8458,0.1538,0.2374,0.3126,0.4499
data/test/known_test\1_fake\building_synthetic_stable_diffusion_15_skyscraper-construction-site-with-cranes_239362342.jpg,1,0.8678,0.9993,0.9999,0.9999,1.0,1.0,0.0,0.2863,0.7137,0.4172,0.3067,0.2761
data/test/known_test\0_real\celeba_709.jpg,0,0.0001,0.9996,0.9932,0.0001,0.0018,0.0,1.0,0.0,0.0,0.244,0.2348,0.5213
data/test/known_test\0_real\lhq_74.png,0,0.7839,0.0003,0.9262,0.0,0.0003,0.0009,0.0,1.0,0.0,0.3835,0.4719,0.1446
data/test/known_test\1_fake\landscape_manipulated_stable_diffusion_inpainting_add-dog-near-path_86894676.jpg,1,0.7781,0.9879,0.9995,1.0,1.0,0.9998,0.0,1.0,0.0,0.2573,0.3119,0.4308
data/test/known_test\1_fake\building_synthetic_juggernaut_xl_v9_futuristic-office-tower-with-curved-glass-blue-sky_876928441.jpg,1,0.9724,0.1399,1.0,0.9986,0.4353,0.9743,0.0142,0.4174,0.5685,0.309,0.3504,0.3406
data/test/known_test\1_fake\human_manipulated_stable_diffusion_15_imag2img_portrait-illuminated-by-laptop-screen_161669422.jpg,1,1.0,0.9105,0.9899,1.0,0.9883,1.0,0.9992,0.0008,0.0,0.5283,0.3378,0.1339
data/test/known_test\0_real\lhq_727.png,0,0.9744,0.1466,0.9967,0.0017,0.0003,0.9548,0.0,1.0,0.0,0.2793,0.364,0.3568
data/test/known_test\1_fake\landscape_synthetic_stable_diffusion_15_desert-dunes-under-clear-blue-sky-detailed-sand-textures_308071260.jpg,1,0.9967,0.8943,0.9888,0.2867,1.0,0.4405,0.0105,0.9835,0.006,0.4273,0.525,0.0477
data/test/known_test\0_real\architecture_1944.jpg,0,0.4531,0.4025,0.0,0.0078,0.0002,0.2997,0.0,0.0005,0.9995,0.3704,0.2722,0.3575
data/test/known_test\0_real\celeba_79.jpg,0,0.0013,0.9901,0.971,0.0002,0.1773,0.0,1.0,0.0,0.0,0.4122,0.3087,0.2791
data/test/known_test\0_real\architecture_2071.jpg,0,0.9788,0.0056,0.0,0.0609,0.9478,0.0033,0.0,0.0,1.0,0.3616,0.3052,0.3332
data/test/known_test\0_real\lhq_195.png,0,0.7621,0.0023,0.965,0.0002,0.0,0.0042,0.0,1.0,0.0,0.1888,0.3843,0.4269
data/test/known_test\0_real\lhq_1542.png,0,0.809,0.0004,0.0186,0.0008,0.0001,0.0033,0.0001,0.9877,0.0123,0.3049,0.484,0.2111
data/test/known_test\1_fake\human_synthetic_dreamlike_photoreal_20_portrait-of-a-teenage-boy-with-acne-school-hallway-backgroun_654586205.jpg,1,0.9998,0.975,0.9952,1.0,0.9999,1.0,0.9929,0.0069,0.0003,0.2862,0.2822,0.4316
data/test/known_test\1_fake\landscape_manipulated_stable_diffusion_15_imag2img_autumn-scene-with-colorful-trees_190924933.jpg,1,0.85,0.9454,0.9998,1.0,0.9964,0.9887,0.0,0.1613,0.8387,0.3723,0.3111,0.3166
data/test/known_test\1_fake\building_synthetic_dreamlike_photoreal_20_colorful-colonial-houses-in-Latin-America_442437193.jpg,1,0.8959,0.9333,0.9999,0.796,0.999,0.9998,0.0055,0.0007,0.9939,0.3587,0.3087,0.3326
data/test/known_test\0_real\celeba_801.jpg,0,0.0008,0.8709,0.9824,0.0002,0.0126,0.0,1.0,0.0,0.0,0.3693,0.3199,0.3108
data/test/known_test\0_real\architecture_48.jpg,0,0.9502,0.8197,0.6427,0.4642,0.077,0.0218,0.0,0.0,1.0,0.3075,0.4196,0.2728
data/test/known_test\0_real\architecture_307.jpg,0,0.877,0.0026,0.0,0.0002,0.002,0.0012,0.0,0.0,1.0,0.3651,0.3942,0.2407
data/test/known_test\0_real\architecture_2033.jpg,0,0.596,0.002,0.0,0.0,0.0002,0.0,0.0,0.1058,0.8942,0.4617,0.4151,0.1232
data/test/known_test\1_fake\human_2_manipulated_stable_diffusion_2_inpainting_add-short-necklace_815720063.jpg,1,0.9934,1.0,0.9988,1.0,0.9999,0.9991,1.0,0.0,0.0,0.35,0.2242,0.4258
data/test/known_test\0_real\faceforensics_704.jpg,0,0.1862,0.9981,0.8529,0.0074,0.0001,0.0496,0.9999,0.0001,0.0,0.2654,0.2876,0.447
data/test/known_test\1_fake\human_manipulated_stable_diffusion_2_inpainting_add-subtle-makeup-on-lips_874429056.jpg,1,0.9996,0.9999,0.9941,0.9953,0.8117,1.0,1.0,0.0,0.0,0.2495,0.1238,0.6266
data/test/known_test\1_fake\landscape_manipulated_stable_diffusion_15_imag2img_meadow-with-flowers-sunny_712272036.jpg,1,0.9855,0.9226,0.9969,0.9893,0.8287,0.987,0.0,1.0,0.0,0.2995,0.3544,0.3461
data/test/known_test\0_real\celeba_970.jpg,0,0.0001,0.9996,0.9967,0.0001,0.0045,0.0,1.0,0.0,0.0,0.3104,0.3336,0.356
data/test/known_test\1_fake\human_2_manipulated_stable_diffusion_15_imag2img_portrait-outdoors-with-blurred-city-lights_617361057.jpg,1,0.9995,0.9999,0.9967,1.0,0.9901,0.9995,1.0,0.0,0.0,0.3144,0.5717,0.114
data/test/known_test\1_fake\building_synthetic_stable_diffusion_15_modern-museum-building-with-geometric-shapes_54544900.jpg,1,0.978,0.0715,0.9252,0.0679,1.0,0.9998,0.0,0.0,1.0,0.5482,0.2053,0.2465
data/test/known_test\0_real\architecture_426.jpg,0,0.5613,0.0341,0.0,0.0014,0.001,0.0372,0.0,0.0001,0.9999,0.2779,0.3209,0.4012
data/test/known_test\1_fake\building_manipulated_stable_diffusion_15_imag2img_building-in-urban-street-view_608375598.jpg,1,0.8484,1.0,0.9998,0.9817,0.9968,1.0,0.0,0.0,1.0,0.3313,0.3547,0.314
data/test/known_test\0_real\faceforensics_1050.jpg,0,0.0133,1.0,0.9981,0.1198,0.0097,0.0022,0.9995,0.0,0.0005,0.3366,0.2983,0.365
data/test/known_test\1_fake\human_synthetic_stable_diffusion_15_professional-headshot-of-a-South-Asian-man-with-glasses-neut_244703908.jpg,1,0.9993,0.9716,0.9849,0.9998,0.9999,1.0,1.0,0.0,0.0,0.3036,0.2543,0.4421
data/test/known_test\1_fake\building_synthetic_stable_diffusion_15_old-industrial-warehouse-with-brick-walls_292431671.jpg,1,0.9928,0.9267,0.9984,0.9684,0.9999,0.9991,0.0,0.1973,0.8027,0.4881,0.3002,0.2117
data/test/known_test\1_fake\building_manipulated_stable_diffusion_2_inpainting_add-traffic-sign_621269690.jpg,1,0.8319,0.1531,0.9971,0.3264,0.9994,0.9823,0.0,0.0001,0.9999,0.3428,0.3266,0.3306
data/test/known_test\1_fake\building_synthetic_juggernaut_xl_v9_traditional-Chinese-pagoda-surrounded-by-trees_193763674.jpg,1,0.8361,0.7082,1.0,1.0,0.9988,0.9999,0.0001,0.0588,0.9411,0.3216,0.3327,0.3457
data/test/known_test\1_fake\landscape_synthetic_juggernaut_xl_v9_coastal-cliffs-with-crashing-waves-overcast-weather_343154755.jpg,1,0.6439,0.8907,0.9929,0.9999,0.9998,0.9992,0.0,0.9988,0.0012,0.3046,0.3866,0.3089
data/test/known_test\0_real\celeba_15.jpg,0,0.0005,1.0,0.9962,0.0001,0.0002,0.0,1.0,0.0,0.0,0.2801,0.2646,0.4553
data/test/known_test\1_fake\human_synthetic_stable_diffusion_15_photo-of-a-young-boy-with-curly-hair-smiling-outdoors-in-the_726600540.jpg,1,0.9971,0.9996,0.9984,1.0,1.0,0.9999,0.5027,0.4972,0.0001,0.4183,0.3797,0.202
data/test/known_test\1_fake\landscape_synthetic_stable_diffusion_15_coastal-cliffs-with-crashing-waves-overcast-weather_806528434.jpg,1,0.8583,0.9978,0.993,1.0,0.9999,0.9966,0.0113,0.9722,0.0165,0.2855,0.2187,0.4957
data/test/known_test\1_fake\human_synthetic_juggernaut_xl_v9_portrait-of-a-teenage-boy-with-acne-school-hallway-backgroun_503500182.jpg,1,0.9995,0.6698,0.8992,1.0,0.9993,1.0,1.0,0.0,0.0,0.362,0.3007,0.3374
data/test/known_test\0_real\lhq_1521.png,0,0.8077,0.0032,0.9703,0.0027,0.0002,0.0014,0.0,1.0,0.0,0.287,0.4225,0.2905
data/test/known_test\1_fake\building_manipulated_stable_diffusion_inpainting_add-small-shop-sign_191297873.jpg,1,0.9264,0.3051,0.932,0.4874,0.9996,0.1172,0.0,0.0,1.0,0.3228,0.2574,0.4198
data/test/known_test\1_fake\human_synthetic_dreamlike_photoreal_20_professional-headshot-of-a-South-Asian-man-with-glasses-neut_259154085.jpg,1,0.9996,0.9532,0.9963,0.9999,0.9999,1.0,1.0,0.0,0.0,0.363,0.3949,0.2421
data/test/known_test\1_fake\landscape_synthetic_dreamlike_photoreal_20_autumn-forest-with-colorful-leaves-path-covered-in-foliage_106323671.jpg,1,0.9936,0.9995,1.0,1.0,0.9999,0.9992,0.0062,0.9935,0.0002,0.4075,0.4023,0.1902
data/test/known_test\1_fake\landscape_manipulated_stable_diffusion_2_inpainting_add-wind-turbine_472261484.jpg,1,0.8696,0.9994,0.9996,1.0,0.9998,0.9762,0.0,1.0,0.0,0.3101,0.3527,0.3372
data/test/known_test\0_real\architecture_1326.JPG,0,0.9546,0.1842,0.0001,0.0452,0.0137,0.0137,0.0,0.8998,0.1002,0.2753,0.4067,0.318
data/test/known_test\0_real\celeba_448.jpg,0,0.0001,0.9985,0.9831,0.0,0.0029,0.0,1.0,0.0,0.0,0.2551,0.255,0.4899
data/test/known_test\0_real\faceforensics_223.jpg,0,0.0336,0.9994,0.9956,0.0026,0.0005,0.0006,1.0,0.0,0.0,0.3672,0.2072,0.4256
data/test/known_test\1_fake\landscape_synthetic_juggernaut_xl_v9_rolling-green-hills-in-spring-wildflowers-in-bloom_591957562.jpg,1,0.8605,0.9933,0.9995,0.9981,0.6673,0.9998,0.0,1.0,0.0,0.4068,0.5181,0.0751
data/test/known_test\1_fake\landscape_synthetic_dreamlike_photoreal_20_river-winding-through-canyon-aerial-perspective_873008989.jpg,1,0.9423,0.9959,0.9998,1.0,0.9999,1.0,0.0097,0.3599,0.6304,0.3649,0.4298,0.2053
data/test/known_test\0_real\architecture_1860.jpg,0,0.9005,0.0299,0.0,0.6601,0.0003,0.0007,0.0,0.0001,0.9999,0.3105,0.4012,0.2882
data/test/known_test\1_fake\human_synthetic_dreamlike_photoreal_20_portrait-of-a-middle-aged-Hispanic-man-short-hair-warm-tone-_387493097.jpg,1,0.9999,0.9911,0.9874,1.0,0.9956,1.0,1.0,0.0,0.0,0.3637,0.3048,0.3315
data/test/known_test\0_real\lhq_1907.png,0,0.5997,0.0,0.0057,0.0007,0.0,0.0014,0.0,1.0,0.0,0.2736,0.3841,0.3423
data/test/known_test\0_real\architecture_402.JPG,0,0.9804,0.0311,0.6712,0.0014,0.0013,0.0008,0.0,0.0,1.0,0.2275,0.3784,0.3941
data/test/known_test\0_real\lhq_1439.png,0,0.7254,0.0435,0.666,0.0004,0.0,0.0005,0.0,1.0,0.0,0.298,0.6737,0.0284
data/test/known_test\0_real\celeba_937.jpg,0,0.0005,0.9846,0.9776,0.0001,0.0159,0.0,1.0,0.0,0.0,0.5224,0.3575,0.1202
data/test/known_test\1_fake\building_manipulated_stable_diffusion_15_imag2img_brick-building-in-golden-hour_239699131.jpg,1,0.7967,0.5633,0.9933,0.8067,0.9953,0.3612,0.0,0.0027,0.9973,0.4702,0.3036,0.2263
data/test/known_test\0_real\faceforensics_380.jpg,0,0.1039,0.9999,0.9866,0.0147,0.0018,0.0009,0.9948,0.0,0.0052,0.3644,0.2419,0.3937
data/test/known_test\0_real\lhq_214.png,0,0.9198,0.2224,0.9992,0.0033,0.0024,0.0303,0.0,1.0,0.0,0.3048,0.39,0.3051
data/test/known_test\0_real\architecture_649.jpg,0,0.9245,0.0812,0.0001,0.0001,0.0027,0.0151,0.0,0.0,1.0,0.3501,0.4014,0.2484
data/test/known_test\0_real\architecture_1952.jpg,0,0.8572,0.1779,0.0,0.0053,0.0001,0.0002,0.0,0.0,1.0,0.4966,0.295,0.2084
data/test/known_test\1_fake\human_manipulated_stable_diffusion_15_imag2img_portrait-illuminated-by-laptop-screen_250179422.jpg,1,1.0,0.9839,0.9953,0.9988,0.9202,1.0,1.0,0.0,0.0,0.4864,0.3067,0.2069
data/test/known_test\1_fake\landscape_manipulated_stable_diffusion_2_inpainting_add-wind-turbine_648145840.jpg,1,0.968,1.0,0.9999,1.0,1.0,1.0,0.0043,0.9951,0.0006,0.3784,0.3645,0.2571
data/test/known_test\1_fake\human_manipulated_stable_diffusion_inpainting_add-stud-earrings_121517072.jpg,1,0.9999,0.9985,0.9834,0.9981,1.0,1.0,1.0,0.0,0.0,0.2668,0.1501,0.5832
data/test/known_test\1_fake\landscape_manipulated_stable_diffusion_2_inpainting_add-bench-near-path_389555303.jpg,1,0.8452,0.9211,1.0,1.0,1.0,0.0609,0.0,0.9802,0.0198,0.2886,0.2529,0.4585
data/test/known_test\0_real\celeba_473.jpg,0,0.0003,0.9637,0.9799,0.002,0.6653,0.0,1.0,0.0,0.0,0.3291,0.2663,0.4046
data/test/known_test\1_fake\landscape_manipulated_stable_diffusion_inpainting_add-red-car-on-dirt-path_96427805.jpg,1,0.8468,0.999,0.9994,0.9967,1.0,0.9997,0.0,0.9973,0.0027,0.3274,0.394,0.2785
data/test/known_test\1_fake\human_synthetic_juggernaut_xl_v9_portrait-of-a-man-with-long-hair-and-tattoos-dramatic-lighti_544459925.jpg,1,0.9993,0.6689,0.9356,1.0,0.9987,0.9995,0.9998,0.0002,0.0,0.3564,0.3473,0.2963
data/test/known_test\1_fake\building_manipulated_stable_diffusion_2_inpainting_add-railing-on-stairs_866951270.jpg,1,0.6676,0.3562,0.9119,0.9854,1.0,0.9999,0.0,0.0,1.0,0.2876,0.2548,0.4576
data/test/known_test\0_real\celeba_381.jpg,0,0.0004,1.0,0.9919,0.0,0.0021,0.0,1.0,0.0,0.0,0.3277,0.426,0.2463
data/test/known_test\0_real\lhq_439.png,0,0.5317,0.0011,0.3592,0.0006,0.0005,0.0007,0.0123,0.9786,0.0091,0.2583,0.6064,0.1353
data/test/known_test\1_fake\landscape_manipulated_stable_diffusion_2_inpainting_add-electricity-pole_264115902.jpg,1,0.728,0.9932,0.9999,0.9998,0.9999,0.9998,0.0,1.0,0.0,0.2752,0.3133,0.4116
data/test/known_test\0_real\lhq_938.png,0,0.7299,0.0,0.7148,0.0001,0.0,0.0002,0.0,1.0,0.0,0.1793,0.3497,0.471
data/test/known_test\0_real\architecture_643.jpg,0,0.8864,0.007,0.0,0.0071,0.0024,0.0016,0.0,0.0,1.0,0.272,0.3808,0.3472
data/test/known_test\1_fake\building_synthetic_juggernaut_xl_v9_classic-New-York-brownstone-street-autumn-leaves_551208306.jpg,1,0.9903,0.7259,1.0,1.0,0.9731,0.9996,0.0,0.0497,0.9503,0.3602,0.3425,0.2973
data/test/known_test\0_real\lhq_1856.png,0,0.8632,0.0105,0.9979,0.3763,0.1854,0.0024,0.0001,0.9998,0.0001,0.4274,0.4348,0.1378
data/test/known_test\0_real\architecture_964.jpg,0,0.8074,0.1375,0.0004,0.3299,0.0015,0.6336,0.0,0.0004,0.9996,0.3163,0.5829,0.1008
data/test/known_test\1_fake\human_synthetic_juggernaut_xl_v9_studio-portrait-of-a-middle-aged-Caucasian-woman-with-freckl_636873049.jpg,1,0.9999,0.8533,0.974,0.9999,0.9956,1.0,1.0,0.0,0.0,0.3444,0.2745,0.3811
data/test/known_test\0_real\celeba_698.jpg,0,0.0006,0.9977,0.9915,0.0001,0.0005,0.0,1.0,0.0,0.0,0.3082,0.3067,0.3851
data/test/known_test\0_real\lhq_1423.png,0,0.906,0.0036,0.6813,0.0,0.0048,0.2919,0.0,0.9992,0.0008,0.3305,0.2991,0.3704
data/test/known_test\0_real\lhq_1821.png,0,0.734,0.0004,0.9396,0.0046,0.9946,0.001,0.0,0.9998,0.0002,0.3056,0.379,0.3155
data/test/known_test\1_fake\human_synthetic_stable_diffusion_15_studio-portrait-of-a-middle-aged-Caucasian-woman-with-freckl_369319645.jpg,1,0.8947,0.0735,0.9346,0.017,0.9947,0.9909,0.9925,0.0075,0.0,0.7254,0.2353,0.0393
data/test/known_test\0_real\lhq_649.png,0,0.83,0.0001,0.9586,0.0,0.0,0.0014,0.0,0.9999,0.0001,0.2806,0.4703,0.2491
data/test/known_test\1_fake\human_manipulated_stable_diffusion_inpainting_add-eyeglasses_196357165.jpg,1,0.9999,0.9949,0.9948,0.9999,1.0,1.0,1.0,0.0,0.0,0.2484,0.1745,0.5771
data/test/known_test\1_fake\building_synthetic_stable_diffusion_15_ancient-Roman-amphitheater-ruins_413600441.jpg,1,0.3373,0.9965,1.0,0.9964,1.0,1.0,0.0,0.368,0.632,0.3533,0.2077,0.439
data/test/known_test\0_real\celeba_899.jpg,0,0.001,0.9999,0.9934,0.0004,0.0012,0.0,1.0,0.0,0.0,0.2629,0.2487,0.4884
data/test/known_test\0_real\architecture_29.jpg,0,0.9167,0.0041,0.0,0.1037,0.0881,0.0366,0.0,0.0004,0.9996,0.2867,0.3311,0.3823
data/test/known_test\1_fake\building_synthetic_dreamlike_photoreal_20_modern-glass-skyscraper-in-city-center-photographed-at-dusk_201415221.jpg,1,0.9563,0.9324,0.995,0.9991,0.9995,1.0,0.0,0.0008,0.9992,0.313,0.4064,0.2805
data/test/known_test\1_fake\human_manipulated_stable_diffusion_2_inpainting_add-hoodie-hood-on-head_705502155.jpg,1,0.9905,0.9391,0.9782,0.9927,0.9817,0.9881,0.9999,0.0,0.0001,0.3121,0.1624,0.5255
data/test/known_test\0_real\architecture_942.jpg,0,0.8331,0.0645,0.05,0.0052,0.0017,0.3475,0.0,0.0,1.0,0.3463,0.3735,0.2802
data/test/known_test\1_fake\building_synthetic_dreamlike_photoreal_20_Greek-island-whitewashed-buildings-with-blue-roofs_107064621.jpg,1,0.9584,0.9907,1.0,0.9986,0.999,1.0,0.0507,0.2572,0.6921,0.3523,0.2552,0.3925
data/test/known_test\1_fake\landscape_manipulated_stable_diffusion_2_inpainting_add-flock-of-birds_399017273.jpg,1,0.9108,0.9996,0.9976,1.0,0.9998,0.9989,0.0,1.0,0.0,0.2713,0.2816,0.447
data/test/known_test\0_real\faceforensics_713.jpg,0,0.6732,0.9982,0.7763,0.0845,0.0007,0.0007,1.0,0.0,0.0,0.2211,0.2782,0.5007
data/test/known_test\0_real\architecture_1797.jpg,0,0.9116,0.0249,0.0001,0.0,0.0002,0.0011,0.0,0.0024,0.9976,0.3802,0.3547,0.2651
data/test/known_test\1_fake\landscape_manipulated_stable_diffusion_15_imag2img_hills-under-stormy-clouds_886812784.jpg,1,0.8161,0.9998,0.9926,0.9344,0.0436,0.9998,0.0,1.0,0.0,0.2904,0.3821,0.3275
data/test/known_test\1_fake\landscape_synthetic_juggernaut_xl_v9_vast-tundra-under-cloudy-sky-lonely-feeling_909644408.jpg,1,0.7938,0.9994,0.9654,0.9999,0.9999,0.9994,0.0,0.9956,0.0044,0.3134,0.5087,0.178
data/test/known_test\1_fake\building_manipulated_stable_diffusion_15_imag2img_train-station-facade-at-dusk_454595340.jpg,1,0.8501,0.9882,0.9976,0.9999,0.9987,0.1316,0.0,0.009,0.991,0.2725,0.2371,0.4904
data/test/known_test\1_fake\human_manipulated_stable_diffusion_inpainting_add-hoop-earrings_368584829.jpg,1,0.9999,1.0,0.9997,0.9998,0.9999,1.0,0.9999,0.0,0.0,0.2667,0.2101,0.5232
data/test/known_test\1_fake\landscape_manipulated_stable_diffusion_2_inpainting_add-picnic-table_712713680.jpg,1,0.9255,0.9998,0.9929,0.9836,0.9996,0.8764,0.0,0.9999,0.0001,0.3633,0.3553,0.2813
data/test/known_test\0_real\lhq_1042.png,0,0.5797,0.0002,0.8129,0.0,0.0001,0.0083,0.0,1.0,0.0,0.2903,0.5964,0.1133
data/test/known_test\1_fake\human_manipulated_stable_diffusion_inpainting_add-mole-on-face_872792131.jpg,1,0.9999,0.3691,0.9851,0.9993,1.0,1.0,1.0,0.0,0.0,0.2689,0.136,0.5951
data/test/known_test\1_fake\building_manipulated_stable_diffusion_inpainting_add-car-parked-in-front_451501134.jpg,1,0.8869,0.5027,0.9999,0.9999,0.9071,0.9827,0.0,0.5494,0.4506,0.4813,0.2919,0.2268
data/test/known_test\0_real\celeba_1011.jpg,0,0.0006,0.9999,0.9964,0.0001,0.0096,0.0,1.0,0.0,0.0,0.2952,0.2986,0.4061
data/test/known_test\1_fake\human_synthetic_dreamlike_photoreal_20_photo-of-an-elderly-couple-holding-hands-in-a-park_992041934.jpg,1,1.0,0.9852,0.9995,1.0,0.9998,1.0,0.6546,0.1882,0.1572,0.3048,0.2246,0.4705
data/test/known_test\0_real\architecture_26.jpg,0,0.934,0.0001,0.0001,0.8607,0.001,0.0336,0.0,0.0004,0.9996,0.3022,0.4248,0.2731
data/test/known_test\1_fake\human_2_manipulated_stable_diffusion_inpainting_add-hoodie-hood-on-head_268056615.jpg,1,0.9895,1.0,0.9921,0.9999,0.9983,0.9997,1.0,0.0,0.0,0.3626,0.2748,0.3626
data/test/known_test\0_real\lhq_1238.png,0,0.9928,0.033,0.9995,0.0097,0.0004,0.5455,0.0806,0.4592,0.4602,0.278,0.3819,0.3401
data/test/known_test\1_fake\landscape_synthetic_stable_diffusion_15_vast-tundra-under-cloudy-sky-lonely-feeling_751044797.jpg,1,0.9364,0.9997,0.9918,0.9964,1.0,0.9965,0.0,1.0,0.0,0.4291,0.3202,0.2507
data/test/known_test\0_real\celeba_253.jpg,0,0.0006,0.9104,0.9863,0.0068,0.0154,0.0,1.0,0.0,0.0,0.3574,0.2317,0.411
data/test/known_test\0_real\architecture_1334.jpg,0,0.91,0.0916,0.8677,0.6343,0.0055,0.9998,0.0,0.001,0.999,0.3484,0.3265,0.3251
data/test/known_test\1_fake\building_synthetic_juggernaut_xl_v9_modern-glass-skyscraper-in-city-center-photographed-at-dusk_906698074.jpg,1,0.9586,0.1623,0.9934,1.0,0.9997,1.0,0.0123,0.0002,0.9875,0.2924,0.3548,0.3527
data/test/known_test\1_fake\building_synthetic_dreamlike_photoreal_20_old-European-train-station-with-glass-roof_891246047.jpg,1,0.8954,0.2867,1.0,1.0,0.9987,1.0,0.0,0.0121,0.9879,0.3843,0.2214,0.3943
data/test/known_test\1_fake\building_manipulated_stable_diffusion_2_inpainting_add-fire-hydrant_846594625.jpg,1,0.5818,0.3009,0.9731,0.0026,0.8067,0.3969,0.0,0.0071,0.9929,0.342,0.2969,0.3611
data/test/known_test\0_real\faceforensics_289.jpg,0,0.2658,1.0,0.9907,0.0351,0.002,0.0003,1.0,0.0,0.0,0.3268,0.2212,0.4521
data/test/known_test\0_real\faceforensics_799.jpg,0,0.1322,0.9991,0.9793,0.0002,0.0001,0.0044,1.0,0.0,0.0,0.2814,0.4382,0.2805
data/test/known_test\0_real\architecture_1554.jpg,0,0.8259,0.4009,0.0974,0.0045,0.0,0.0083,0.0,0.0076,0.9924,0.3792,0.4114,0.2094
data/test/known_test\1_fake\building_manipulated_stable_diffusion_2_inpainting_add-mailbox-on-wall_583454066.jpg,1,0.5886,0.9937,0.9846,0.9787,0.7519,0.999,0.0,0.0,1.0,0.3282,0.2025,0.4693
data/test/known_test\1_fake\human_2_manipulated_stable_diffusion_inpainting_add-lip-piercing_335192628.jpg,1,0.9994,1.0,0.9914,0.9691,0.9999,0.9999,0.999,0.001,0.0001,0.253,0.1514,0.5957
data/test/known_test\0_real\faceforensics_328.jpg,0,0.0315,1.0,0.9951,0.0001,0.0025,0.0007,0.9999,0.0001,0.0,0.3705,0.247,0.3825
data/test/known_test\1_fake\landscape_synthetic_dreamlike_photoreal_20_panoramic-coastline-with-fishing-boats-sunrise_116198605.jpg,1,0.8252,0.962,0.9991,0.3415,0.9983,1.0,0.0162,0.951,0.0328,0.3416,0.3796,0.2789
data/test/known_test\1_fake\human_synthetic_dreamlike_photoreal_20_photo-of-a-middle-aged-man-with-a-beard-wearing-a-suit-outdo_266493009.jpg,1,0.9999,0.9981,0.9799,1.0,1.0,1.0,1.0,0.0,0.0,0.3203,0.4338,0.2459
data/test/known_test\1_fake\landscape_manipulated_stable_diffusion_2_inpainting_add-bicycle-on-path_647305492.jpg,1,0.9502,0.873,0.9992,0.9622,0.9999,0.9657,0.0,0.9999,0.0001,0.292,0.3145,0.3935
data/test/known_test\0_real\faceforensics_98.jpg,0,0.0191,1.0,0.9789,0.0004,0.0001,0.0,0.2141,0.5565,0.2294,0.254,0.178,0.5679
data/test/known_test\1_fake\building_manipulated_stable_diffusion_inpainting_add-parked-bicycle_671424175.jpg,1,0.9112,0.9988,0.9978,0.5779,0.997,0.9999,0.0,0.0,1.0,0.4121,0.2902,0.2977
data/test/known_test\0_real\celeba_578.jpg,0,0.0006,0.9126,0.9799,0.0051,0.1019,0.0,1.0,0.0,0.0,0.2593,0.206,0.5347
data/test/known_test\0_real\architecture_905.JPG,0,0.4244,0.1695,0.0,0.402,0.0008,0.001,0.0,0.0009,0.9991,0.266,0.3615,0.3726
data/test/known_test\1_fake\building_synthetic_stable_diffusion_15_classic-New-York-brownstone-street-autumn-leaves_725003956.jpg,1,0.993,0.9998,1.0,1.0,1.0,1.0,0.0298,0.0137,0.9565,0.3521,0.2302,0.4178
data/test/known_test\0_real\lhq_1771.png,0,0.6571,0.0007,0.4055,0.0005,0.0982,0.0003,0.0,0.9999,0.0001,0.2802,0.4801,0.2398
data/test/known_test\1_fake\human_manipulated_stable_diffusion_inpainting_add-lip-piercing_34327535.jpg,1,0.9999,0.9974,0.985,0.9967,0.9997,1.0,1.0,0.0,0.0,0.2706,0.1441,0.5853
data/test/known_test\0_real\celeba_857.jpg,0,0.0002,0.9953,0.987,0.0,0.0013,0.0,1.0,0.0,0.0,0.2599,0.2638,0.4763
data/test/known_test\0_real\architecture_185.jpg,0,0.8334,0.0498,0.0001,0.006,0.008,0.785,0.0,0.0,1.0,0.2792,0.3242,0.3967
data/test/known_test\0_real\faceforensics_866.jpg,0,0.5104,0.9978,0.9914,0.0004,0.0002,0.6047,0.0008,0.9979,0.0013,0.4752,0.3848,0.1401
data/test/known_test\0_real\architecture_1942.jpg,0,0.8488,0.0209,0.0,0.5706,0.0035,0.0005,0.0,0.1542,0.8458,0.3549,0.4968,0.1483
data/test/known_test\0_real\lhq_398.png,0,0.9239,0.0099,0.9977,0.0003,0.0018,0.0371,0.0,0.0437,0.9563,0.3046,0.4692,0.2261
data/test/known_test\1_fake\landscape_manipulated_stable_diffusion_2_inpainting_add-picnic-table_806839655.jpg,1,0.8372,0.9982,0.9996,1.0,0.9997,0.9814,0.0,0.9985,0.0015,0.3586,0.3814,0.26
data/test/known_test\0_real\lhq_2038.png,0,0.7167,0.0002,0.9766,0.0,0.0001,0.0781,0.0003,0.9773,0.0224,0.3236,0.3663,0.31
data/test/known_test\0_real\architecture_465.jpg,0,0.8235,0.0473,0.0001,0.0464,0.0028,0.001,0.0,0.0,1.0,0.2661,0.3493,0.3846
data/test/known_test\0_real\celeba_655.jpg,0,0.0158,0.9873,0.9916,0.0007,0.0109,0.0001,1.0,0.0,0.0,0.294,0.2102,0.4958
data/test/known_test\0_real\lhq_1013.png,0,0.8708,0.0019,0.0393,0.1615,0.0002,0.4733,0.128,0.87,0.002,0.2223,0.3325,0.4452
data/test/known_test\1_fake\building_synthetic_stable_diffusion_15_apartment-block-with-balconies-urban-daylight_191735735.jpg,1,0.909,0.9979,1.0,0.5464,0.9996,1.0,0.0,0.0024,0.9976,0.4684,0.2095,0.3221
data/test/known_test\1_fake\human_synthetic_juggernaut_xl_v9_photo-of-an-elderly-East-Asian-woman-with-wrinkles-natural-d_348717184.jpg,1,1.0,0.7435,0.9759,0.9999,0.9996,1.0,0.9999,0.0,0.0001,0.3208,0.2633,0.4159
data/test/known_test\0_real\faceforensics_171.jpg,0,0.0182,0.9999,0.9467,0.006,0.0001,0.0006,1.0,0.0,0.0,0.2638,0.1747,0.5615
data/test/known_test\1_fake\landscape_manipulated_stable_diffusion_inpainting_add-red-car-on-dirt-path_862674382.jpg,1,0.8607,0.9951,0.9997,0.9996,0.9999,0.7995,0.0,0.9988,0.0012,0.2651,0.36,0.3749
data/test/known_test\1_fake\landscape_manipulated_stable_diffusion_15_imag2img_foggy-forest_343152573.jpg,1,0.805,0.9994,0.998,1.0,0.9974,0.9999,0.0,1.0,0.0,0.2289,0.3348,0.4363
data/test/known_test\0_real\architecture_436.jpg,0,0.9685,0.1117,0.0001,0.0581,0.0023,0.0003,0.0,0.0,1.0,0.3743,0.3715,0.2542
data/test/known_test\1_fake\human_synthetic_dreamlike_photoreal_20_portrait-of-a-teenage-boy-with-acne-school-hallway-backgroun_319280491.jpg,1,0.9999,0.9766,0.9897,1.0,0.8769,1.0,1.0,0.0,0.0,0.2721,0.337,0.3909
data/test/known_test\1_fake\building_manipulated_stable_diffusion_15_imag2img_skyscraper-under-blue-sky_283614548.jpg,1,0.9596,0.8366,0.9959,0.9906,0.2422,0.9877,0.0,0.0,1.0,0.2765,0.4014,0.3222
data/test/known_test\0_real\lhq_83.png,0,0.6635,0.0,0.9658,0.0,0.0024,0.0001,0.0,1.0,0.0,0.2486,0.3461,0.4052
data/test/known_test\1_fake\landscape_manipulated_stable_diffusion_inpainting_add-fox-in-forest_525016112.jpg,1,0.9946,0.4723,0.9983,1.0,0.9999,0.9308,0.0001,0.9755,0.0244,0.3686,0.5205,0.1109
data/test/known_test\0_real\architecture_1577.jpg,0,0.6479,0.0052,0.0,0.0068,0.0,0.0007,0.0,0.0,1.0,0.3908,0.3625,0.2467
data/test/known_test\0_real\lhq_912.png,0,0.7827,0.0001,0.9936,0.0024,0.0175,0.0031,0.0,1.0,0.0,0.227,0.4832,0.2898
data/test/known_test\1_fake\building_synthetic_dreamlike_photoreal_20_colorful-houses-along-a-canal-daytime_293587745.jpg,1,0.9361,0.8956,1.0,1.0,0.9999,1.0,0.0003,0.0076,0.9921,0.4231,0.2738,0.3031
data/test/known_test\0_real\faceforensics_265.jpg,0,0.0346,1.0,0.9967,0.0028,0.0114,0.0035,0.9998,0.0002,0.0,0.2327,0.298,0.4693
data/test/known_test\1_fake\building_synthetic_stable_diffusion_15_old-European-cathedral-with-gothic-details-daylight_991348896.jpg,1,0.979,0.4335,0.9999,0.9994,1.0,1.0,0.0,0.0006,0.9994,0.4164,0.2365,0.3471
data/test/known_test\0_real\lhq_70.png,0,0.847,0.0003,0.9719,0.0003,0.0,0.0466,0.0,1.0,0.0,0.2026,0.2946,0.5028
data/test/known_test\1_fake\human_manipulated_stable_diffusion_2_inpainting_add-headset-on-ears_309048028.jpg,1,0.9998,1.0,0.9992,0.9997,0.9999,1.0,1.0,0.0,0.0,0.3806,0.1932,0.4262
data/test/known_test\1_fake\building_synthetic_stable_diffusion_15_old-industrial-warehouse-with-brick-walls_321455483.jpg,1,0.9598,0.7511,1.0,1.0,0.9999,1.0,0.5769,0.0507,0.3725,0.4062,0.2671,0.3266
data/test/known_test\0_real\lhq_783.png,0,0.6363,0.0001,0.8053,0.0003,0.0253,0.0006,0.0,1.0,0.0,0.2626,0.2702,0.4673
data/test/known_test\1_fake\landscape_manipulated_stable_diffusion_2_inpainting_add-wind-turbine_371527222.jpg,1,0.946,0.9999,0.9937,1.0,0.9935,0.9998,0.0,1.0,0.0,0.2945,0.6101,0.0953
data/test/known_test\0_real\lhq_624.png,0,0.8146,0.002,0.4903,0.0001,0.0001,0.7596,0.0,1.0,0.0,0.1983,0.4013,0.4004
data/test/known_test\0_real\lhq_1483.png,0,0.7702,0.0074,0.8743,0.0,0.0064,0.0002,0.0,0.9999,0.0001,0.2398,0.3978,0.3624
